西式/美式,義大利麵,ChIJEXaXDQ2pQjQRHSGk4ZJdvyI,麵工坊義大利麵公館JR店,"雙人分享餐499，ＣＰ值高美味程度：環境程度：服務態度：再訪意願：CP值（美味/價錢）：多訪麵工坊，推薦紅醬辣味雞肉義大利麵加雪花牛肉+39，雙人分享餐可任選菜單上任二份主餐，主餐沒有有限制選擇，讚！！套餐內容：有附濃湯*2、炸物雙拼、主餐*2（義大利麵或燉飯任選）甜點*2、飲品*2雞塊外酥內軟，薯條好吃份量多！香蒜中卷義大利麵，橄欖油清炒義大利麵味道算是重口味，特製的醬，吃起來甜甜的，點餐時有告知，可改成蔥蒜炒(不甜的醬)，店家蠻貼心，紅醬義大利麵番茄熬煮七小時，番茄紅醬濃郁，吃起來涮嘴，份量很足夠，最後重頭戲來了，鏘鎒「提拉米蘇」大推，奶茶甜點剛好好喝,真滿足！！整體來說都表現還不錯，雙人分享餐CP值高，二人吃下來特價499，不收服務費，可常來吃！",吃過蠻多間義大利麵，單點麵都$200元起跳，今天來到公館意外發現一間「麵工坊義大利麵店」，點了熬六小時義大利麵只要$130！！！非常平價，份量實足，且用料食材非常實在，值得推薦,今天點了辣味雞肉義大利麵跟白酒蛤蠣義大利麵，辣味雞肉麵的醬汁非常濃郁好吃，熬了六小時的紅醬果然厲害，雞肉不乾柴烹調時間非常剛好，蛤蠣算飽滿大顆，麵入味，而且喝得出來店家的濃湯也很用心，紅茶是用二砂糖泡的，店家用心，其他同行友人點的餐點也很好吃，如果有到公館商圈遊玩可以考慮到店內用餐，送餐速度超快價格不貴份量又很足夠喔。,上次跟朋友吃了一次，念念不忘他們家的櫻花蝦意大利麵！便宜大碗只要110元，加了套餐有薯條、湯、飲料，200塊有找啊？真滴好吃，今天又來光顧，一如往常的複印品質，歐伊系！,今天中午去用餐，結帳時店員沒主動開發票，回到座位要用餐才發現沒拿發票，跟店員問有發票嗎？才說有，然後補開給我，而且我點了肉醬麵130+炸雞咖哩飯135+紅茶15+提拉米蘇兌換價29，實際付款340（所以有加服務費的），結果發票金額是314（開給我當下沒注意到發票金額不對所以沒當下跟店員反應），東西是不錯吃，可是不主動給發票事後補開金額還短漏，這一點很不可取，希望店家能改進！
西式/美式,義大利麵,ChIJV4ORn4upQjQRDDNNdhhMaNs,費斯達香草洋食館,濃湯的酥皮很不酥就一片黃黃的感覺烤熱而已，當天用餐大概一小時，收餐盤的速度感覺用餐起來有壓力感但還是能理解位置比較少考慮到翻桌率，只是客人的感受還是滿重要的。當天點牛肝菌燉飯，口味是好吃，可從照片應該看的出來比較像燴飯覺得可惜,這家吃了20年會選擇這邊吃就是因為料多味美價位親民份量加大又便宜以前一個月總是會吃個幾次然而現在只剩下味美大幅度的漲價材料卻沒有以往的多現在只有半年會吃個一兩次只為吃個回憶覺得很可惜,麵條小硬沒關係，外場服務阿姨態度有點太急躁了，講話又急又吵雜給人壓力，空間超狹窄，阿姨一直撞到我和對面男子的椅背，麵差點要噴出來♀♀明明6點多點菜說沒有酥皮濃湯，但6:45還可以出兩份給其他晚進來的客人？我們和隔壁桌都覺得傻眼,位子非常狹窄小擁擠白酒蛤蜊義大利麵130元就是便宜的義大利麵大概有六個蛤蜊我不懂為什麼要加小黃瓜完全不搭吃到後來非常鹹,昨日嘗試義大利麵自己配選了豆腐乳細麵蛤蜊和雞肉吃起來有點妙不過再吃個幾口感覺這組合也還不錯一口接著一口默默的也吃完了這間上麵速度很快口味有點偏台式我個人是覺得還不錯啦
西式/美式,義大利麵,ChIJ7bzsvIWpQjQRk1C7r1gMmFE,發現義大利麵,還有飲料喝到飽,平價分量又不少口味一般2020/8加註一陣子沒來價格又漲了從以前100-110漲到現在140-150麵的份量變少奶油白醬味道有變但還行青醬/奶油青醬整個變淡不少,"這曾是我最喜歡的一間店，每間分店都留下了足跡，後來知道貴店頂讓了覺得很可惜也很難過，近期看到你們東山再起，我以為我想念的味道回來了，便很開心的與家人前往。原本想一如往常的，看到菜單就畫第一個""蛋蜜煙燻培根義大利麵""這道是我從小吃到大，不曾變過的口味，歷經漲價、份量減少，但香氣還是那樣濃郁。不過那天一踏進去，發現以往吃飯時間人潮滿滿的店面寥寥無幾，呼吸的空氣瀰漫著令人不適的味道，但我們沒有多想，坐下來想畫菜單，在菜單上卻看不到熟悉的名字，於是我點了類似的想來回味，一入口，醬料先是如同稀釋般的滑入喉嚨，甚至還很神奇的在白醬中加了九層塔葉片，以致於白醬應有的奶油味、香料味是沒有的，我不覺得那是白醬，濃湯也不再是料多實在，整份餐點只吃出了一絲敷衍。每吃一口我跟家人就多失望一口，那是我唯一一次未將義大利麵吃完。這顆星給的是我熟悉的義大利麵，不然一顆星我都不願意給。","原本看了不高的評價,但吃了之後似乎沒那麼不堪.位置算多,空間也算大,有免費的飲料,服務是很冷淡但是也沒收服務費所以不在意,至於麵的口味就跟一般平價的義大利麵吃起來都差不多,算是個還可以再來消費的餐廳",更新已跟老闆聯絡上老闆誠摯的為該員工的危機處理道歉了並表示將員工開除了原文好不好吃是主觀問題服務態度也是主觀問題但食品安全是最基本的也做不到反應義大利麵的配菜是酸的店員直接跟我說請google評論反應我問可不可以跟店長反應他說老闆不在他不能給我老闆電話我說那我留電話請他聯絡我店員說老闆不會打給我叫我直接去衛福部檢舉？？？謝謝少緯出來回應
西式/美式,義大利麵,ChIJux-i5E6pQjQRxYPJq9IlSls,轉轉發現義大利麵,剛剛逛公館發現搬家了搬到水源市場這裡店面變小間了交通更方便試營運打8折奶油雞肉義大利麵跟以前在新生南路一樣好吃在平價義大利麵中算是沒甚麼好挑剔,現在已經搬家到汀州路搬家之後店內座位明顯不足、空間狹小，完全不適合用餐，原本的免費麵包和濃湯現在要加價20元，搬家後菜單改了沒有蝦仁的麵，還漲價10元，等於是變相漲價30元要從我的午餐雷達中刪除,不是在最尖峰時段去一盤麵等了35分鐘一直在出外帶/送單冬瓜茶甜到就算口渴也喝不下去,今天剛好遇到搬家試營運打八折加價玉米濃湯喝到飽濃湯喝起來像用了十包麵粉加奶粉泡的還喝到麵粉塊打折不是為了給各位節省成本這是我喝過最難喝的玉米濃湯。好啦服務還可以給你一顆星,義大利麵不好吃玉米濃湯超難喝喝起來都是麵粉奶粉的味道蛤蜊腥味很重真的是我吃過最難吃的超級不推
西式/美式,義大利麵,ChIJuyk2l4qpQjQRILRCQId5ZZA,義饗食堂,牛肉好吃沙拉跟熟食也好吃環境寬敞適合聚餐,很好吃，台大師大有打折唷,吃到飽的餐廳在台北已經不稀奇在晶華酒店名下位在台灣大學隔壁的義響食堂具備了晶華的服務食材新鮮度跟美味甚至因為環境小我認為服務更好更仔細吃到飽的品項從入門的甜點到沙拉生魚片冷食到熟食牛排還有客製化義大利麵以及自助哈根達斯另外也有提供披薩任君挑選等待上桌繞完一圈誤以為品項單調殊不知每樣食材美味不失層次當天每個食材都讓家人讚不絕口也已經預訂好下午要來用餐的時間推薦給還在找吃到飽但是真的吃不了那麼多的人這裡環境舒服食物新鮮美味午餐	12:00am–2:30pm	NT$580+10%晚餐	6:00pm–9:30pmNT$680+10%(週一至週四)NT$780+10%(週五),料多東西好吃值得再來,披薩現點現烤好吃，但切記不要多點避免一片加20元。小建議：冰淇淋旁洗手台的水龍頭似乎有發霉現象，需要清潔一下。場地設計佈置較有文青風，菜色與飯店吃到飽相比說真的少了一半左右，我給四顆星是因為我剛好就只喜歡吃牛排及哈根達斯，能以5，600元的價位吃到飽對我是相當超值的（國泰世華卡再打85-88折），自己選材料的義大利麵也蠻好吃的。
西式/美式,義大利麵,ChIJgWY_hIupQjQRX-bmeNK-b2c,首都烘焙餐廳-公館店,接待親切，餐點健康的餐廳。,東西好吃份量足，用料實在價錢公道，而且不收服務費，讚,Well...不要點咖哩系列...從來沒吃過印度咖喱吃起來像嬰兒泥狀食品...而且味道很淡...可能別的品項會好一點（希望）環境是不錯但我是不會再來嚕∼,用料超實在！！！不怕羊味的很推薦他的羊肉咖哩！雖然分義式和美式披薩，但美式的餅皮也偏薄皮，上面鋪滿食材，搭配淡淡的麥香完全命中自己的喜好∼然後冰沙是現打的喔∼巧克力冰淇淋很順口，不會死甜，感覺沒什麼添加物，吃起來沒有負擔。,188的商業午餐有濃湯、沙拉跟主餐可以吃的很飽（●）ノ服務生也很親切一開始在外面看菜單也有人出來跟我們介紹推推：）
西式/美式,義大利麵,ChIJM3P2ruCpQjQREtSGnl9tftI,秘徑小食光/義大利麵/燉飯/排餐/早午餐/商業午餐/午晚餐/咖啡館|下午茶|場地租借,第一次發現這麼隱密、環境這麼舒適的簡餐，而且食物非常健康！完全符合健康餐盤，飯剛好給一小口、舒肥雞胸肉非常多汁好吃、炒蛋根本是美味、連配菜都是烤過的蔬菜，非常驚艷，絕對是附近聚會的第一名單,食物用料不錯空間舒服但餐點等候時間有點久大約等了半小時用餐人數約6成滿但上飲料的時間控制的不太好餐點完全用完又等了十幾分鐘都還沒開始做有點兒小可惜服務態度普普不算特別好,點餐完畢後零散上餐一樣是法式早餐，卻差了40分鐘分別上餐一杯咖啡等了超過70分鐘改外帶杯也是只能繼續等20分鐘工作動線規劃需要改善不過值得稱讚的是雖然一直很慌忙但是態度依舊保持友善服務熱忱有餘，能力不足,餐點很美味，店內種有很多生菜，一個現拔現做的概念（？）點了咖喱雞軟法，口感跟調味相當不錯很喜歡嫩蛋裡面的馬鈴薯，軟嫩好吃店家服務態度也很好喔，相當推薦！,9/11中午去吃的吧，送來的菜單上沒有商業午餐，結完帳才發現自己要點的套餐有商業午餐，也比較便宜，所以問店員能不能更換，店員說不行已經做了（才過一分鐘^^）餐點裡的菜是店家自己種的，水耕生菜真的有夠難吃完全沒味道==還有店內設備滿舊的，室內有一個怪味，喝水的杯子也很髒，真心不推
西式/美式,義大利麵,ChIJW9xpdYqpQjQR4NsbXo2VHmc,帕兔,熱壓吐司和厚片皆滿划算亦好吃，義大利麵份量稍少，口味倒也不錯,環境還不錯,大推義大利麵加蛋跟香蕉芋頭厚片CP值高,原來夾堡就是烤土司阿鮪魚起司口味加蛋$50配料略少CP偏低,就味道還好但跟旁邊原典可以解決一餐
日式料理,咖哩,ChIJQ58t3IqpQjQRnudJ2hZIctM,狂愛咖哩JustLoveCurry,咖哩跟味噌湯都很稀，沒有馬鈴薯，有少少紅蘿蔔碎。用餐時間限制1小時，明明空位多卻強制併桌。說假日人多，但沒有人排隊也沒有人訂位吃掉最後一口，馬上把我桌面清空，讓我們有種必須馬上滾的感受。整體用餐體驗極差！！！,連一顆星都不想給咖哩挺稀，炸雞腿的品質也不佳食物不好吃就算了，服務態度亦差！結帳時算很多次錢都算錯，甚至態度很差的質疑客人少給錢，最後發現自己算錯後仍理直氣壯，一句不好意思或道歉都沒有，感覺超差！,除了炸蝦沒剝殼、咖喱很水不濃郁、飯又硬又乾、味噌湯沒味道、咖喱中的青菜不新鮮以外，飲料的部分不錯。誠心推薦這間店，對面7-11的蒙特婁咖喱。,點了水波蛋，但來的根本是水煮蛋。還問了店員確認水波蛋的蛋黃應該是全熟的嗎？店員只說不好意思因為煮的時候火開太大了，就繼續去忙他的了，有點傻眼。,冷氣開超強咖哩端出來沒有很熱偏冷加上冷氣一吹我以為我在吃冷凍食品炸蝦沒撥殼咬下去直接刺到真的想吃咖哩建議去對面7-11買
日式料理,咖哩,ChIJ_fgu74qpQjQRVxMsgm1RIRs,三時午咖哩屋,炸雞嫩多汁，咖哩讚，半熟蛋加分，價格平價,推雞塊咖哩，CP值高,水源市場人氣美食位子稍少所以建議外帶推薦炸雞塊咖哩,決對不要在正午餐時間來，已滿座？還有排隊等待的人潮！我是特地來品嚐，非吃到不可？所以去逛逛等1小時後再回來，所幸有位置了。炸竹莢魚片，用的是日式粗麵包粉，非常酥鬆脆！！重點在於魚尾巴可抓著炸魚尾巴，慢慢品嚐魚肉鮮美，最後再把魚尾巴放入嘴巴堙A細細品嚐酥脆的魚骨在口中化掉？人間美味！！白飯好吃！咖哩醬是日式的風味？香料味不明顯？荷包蛋過熟？蔬菜類太少？？味增湯很淡？但很有誠意，有豆腐塊。還是老闆娘幫我服務的，真謝謝她！！,炸雞咖喱烏龍麵×麵體蠻一般的沒有烏龍麵的Q彈度，有一塊雞塊裡面沒有炸熟豬排炸物都炸的蠻酥脆只是建議可以提供炸物的沾醬不然吃起來有點乾平價美食如果照片跑不出來可以點↑↑上方我的頭像裡查看飲時參考：甜：以星巴克「焦糖瑪奇朵」來說，半份濃縮、糖正常鹹：蠻重鹹的辣：中口味斟酌參考
西式/美式,牛排,ChIJl19DPiypQjQRtD2HKVjMkzE,牛二哥牛排館,2020/10/31今年首訪好久沒吃了，看到網路上評價還不錯，就去複習一下吧老闆可能是被太多人批評態度不好，所以對我到是輕聲細語的，但因為我頭戴全罩式安全帽，變成老闆總要問兩次以上，我才聽得懂他再說什麼。點了份黑胡椒豬排，包了飲料及湯(老闆包的)，ㄟ，現在突然想到麵包呢？網路上有說到的麵包，但我回家沒看到ㄟ！飲料、湯，說真的沒什麼特別好喝，所以不說了黑胡椒豬排，剛打開飯盒一看，咖啡色？！是不是老闆放成磨菇醬了？吃了一口，嗯，好像黑楜椒的味道，可是沒有傳統黑胡椒醬的香味。豬排吃起來比我想像中來得硬，感覺有點過熟了，搭配著不好吃的黑胡椒醬。唉...(我開始懷疑評價了)五星：再怎麼貴也值得專程去吃四星：值得吃，但CP值不見得高三星：若是在附近可以去吃吃看二星：除非主廚調整食譜或做法，否則不值得去冒險一星：嗯，有事沒事都不要去吃我的評等是我個人依據上述標準提出的主觀意見，若店家不同意可以提出看法,牛肉的部分還可以，不錯，麵也不錯吃，麵量不算多，好像可以免費加麵，但我不用加就可以吃飽了所以沒加。醬料有點偏鹹了一點，不過配著免費的紅茶吃還行，紅茶也不會太甜，冰冰涼涼的，玉米濃湯也不錯喝，上菜快速，滿推薦的cp值高,我吃的是12OZ沙朗，CP值很高的牛排店。牛排很嫩，原塊原肉吃起來就是不一樣。濃湯跟飲料也不錯。值得吃吃看,鐵板麵味道中規中矩，玉米湯味道不是很香濃，餐包是厚的大蒜麵包。,300塊的菲力牛排就只是丟在盤子裡的一塊熟牛肉，完全看不出來是用煎的。整片肉排糊成一團，吃起來跟吃肉乾沒什麼兩樣。
西式/美式,牛排,ChIJcZxRZB2pQjQRuahHVqB5oH0,威宇牛排-公館店,好吃的餐點，舒適的用餐環境下次還會再來,餐點好吃牛排真的超讚會再來,環境乾淨，餐點總類多，餐點好吃,平價牛排湯品還有多種選擇超棒的,值得肯定就是他牛排裡面的玉米是甜的甜的甜的
西式/美式,牛排,ChIJkyhZx4qpQjQRmedCjTZZmec,有間牛排,牛排騷味太重、戰斧豬太乾可配泰式甜辣醬、炸德國豬腳ok,店面很小間還蠻有特色的適合大學生的平價牛排,吃,,
西式/美式,牛排,ChIJH1Grn4upQjQRdZr5MccaMUI,金牛座牛排館,豬排份量很大肉也很嫩很好吃！！適合學生cp值高排餐都有酥皮濃湯雖然酥皮不太酥但這個價錢能喝到酥皮濃湯還是超推,還不錯吃,整體東西算可以。但態度再好點，再笑容多一點給客人會更好，臉超臭。會讓人不想走去買。,公館CP值高的平價牛排館，有酥皮濃湯，跟免費紅茶喝到飽，可以吃飽飽，對學生族聚餐聊天來說這家很不錯。,牛排跟酥皮濃湯都是熟悉的味道
西式/美式,牛排,ChIJrfUpGjOpQjQRDnFOEvCTOlI,好吃好吃2號店,Cp值高，但環境很糟，不衛生,於2020/12/12(六）晚上七點用餐，有先訂位，但到了現場後，非常明顯看得出沒有事先幫我們留位。我們總共五人用餐，將我們塞到靠窗的四人座，也沒有再多加一張椅子。等隔壁雙人座吃完後，詢問店員是否能將桌子併桌，因為桌面上放滿餐盤加上是五人坐四人座位其實蠻擠的。但店員的態度是，現場還很多人，他沒辦法讓我們併桌，我們有表明真的很擠但店員也相當堅持就是不肯讓桌。後來也再提出是有事先訂位的，店家卻沒將位置準備好，店員表示：「我們假日七點就是不開放訂位啊，我不知道啊，不知道是誰幫你訂位的。」後續也沒有要再處理這件事一開始訂位時有確定是好吃好吃2號店，手機留了姓名也留了，那我當初打電話訂位是訂心酸的嗎？？？還浪費電話費欸？價位的確蠻便宜的，但服務態度真的相當差，用餐經驗很不愉快，說真的連一顆心都不想給，但不給心又不能發google評論，只好勉強給一顆心，沒附上照片，因為連照片都不想拍了∼,對無肉不歡又大食量的朋友，這家在台灣大學公館商圈的「好吃好吃」牛排及德國豬腳真材實料，強調絕非組合肉，不泡不醃醬、不灌水的品質，原本沙拉及咖啡飲料、白飯加滷肉、泡菜..要另加點價的附餐，不知是否疫情及暑假關係，昨天全都含在單點主餐價內。8盎司牛排才299，台塑牛小排599(有先醃味)、德國豬腳299...沒小費。不過先強調因在2樓，先買單後【其餘一切都自助】，本人是為主餐CP值而去，附餐品質及環境不在個人考慮內，若您是個人及跟同事或家人想飽餐蛋白質，可去體驗主餐的美味。我喜愛他家的德國豬腳，外皮Q彈肉質軟硬不乾醃的剛好的口感絕不輸高檔餐廳千元的同餐點。若要在乎環境及氣氛的請客，就建議可外帶主餐回家品嚐囉∼,從以前小小的1號店吃到2號店，對於單純想吃一塊有點水準牛肉，又不想要蛋、麵和冷凍蔬菜配套，是絕佳選擇。在二號店，有滿額餐點享自助吧，玉米濃湯、生菜沙拉、牛肉咖哩醬、薑黃飯、麻辣鴨血、韓式泡菜、甜湯和飲料，雖然有點跳tone，但從質和量都可以感受到老闆的誠意滿滿和對周邊學生很用心照顧。吃過菲力(NT.299)之後，再也沒有點過其它了，通常會是像照片裡的厚切，但也吃曾過比照片稍薄的。醃過的菲力烹煮方式一直都是先煎後烤，中間肉質和口感已可感覺物有所值，備有新鮮蒜片和放在盤邊的調味鹽，讓口味能有些變化，如果需要其它調味品也可以自助取用。是補充牛肉的好選擇，每每到公館都會選擇這裡用餐，真的要很挑剔的，就是不少座位會遇到出風口和吊扇對頭吹，體弱時請慎選座位、餐具自行擦拭一下比較放心。,牛排肉質尚可，點完餐3分鐘牛排就來了，基本上不熱，學生吃粗飽的可以去，口味偏重鹹。自助區有咖哩飯，豆腐鴨血，生菜配上很稀的胡麻醬，玉米濃湯感覺是用粉煮出來的但很鹹，餐具衛生待加強。兩顆星給老闆的服務態度很棒
西式/美式,牛排,ChIJ9Tlx4NSpQjQRz_IB3tkM0V4,孫東寶牛排大安羅斯福店,推薦板腱牛排，肉質較優,紐約教父、餐包、玉米濃湯不錯,CP值高的孫東寶羅斯福店，其實也不只這家，我們也吃過景美的、淡水的，超值品質也很穩定。我們家頂過各種不同的牛肉，都覺得肉質軟嫩份量亦足，並不輸給三四百元的西餐廳。我們家最喜歡吃它的牛小排、老饕牛排，每一種牛排都輪著點了超過一次了！偶爾也吃菲力牛排，也不乾柴，五分熟最最好吃！雞皮酥脆雞肉軟嫩；豬肉有兩片不大但是足夠；肉類新鮮好吃的，以這個價格來說實在沒有什麼好挑剔了。值得一提的是，鐵板麵並不是一般的鐵板麵，而是彷彿歧烏龍麵般有口感的Q彈白扁麵！！玉米濃湯紅茶跟柳橙汁一般水準，沒特別好也沒特別差，自助式免費自取。不收服務費。高Cp值，除了給五顆星之外，我真的無法有第二個選擇。,肉相當大份又便宜還可以免費加麵玉米濃湯也非常好喝,難不成這是間做吃的行業卻怕人吃的店啊！電話外帶2份排餐，很客氣的詢問是否可以再外加2杯湯與飲料，店員好心的答應了，結果取餐時店長還要給我和店員再教育一下，既然如此那下次就敬謝不敏了。店員那句不好意思讓我心疼啊。要不是孩子要求喜歡玉米濃湯，我也不會厚著臉皮詢問。還有這次老饕牛排筋也太多了吧，剪刀都剪不斷…失望極了。
西式/美式,牛排,ChIJldrqooqpQjQRl4bCVhVRvuI,龐德羅莎(台大店),"基本常識(一般餐廳)都固定，下午14:00~17:30是休息時間,會關燈休息了,沒有供餐服務。☆舉例：(五星級飯店)也都有，(午餐)用餐時間的限制。(喜來登~12廚)平日的午餐，周一~周五(午餐)1090元，用餐時間限制11:30~14:30。(晶華酒店~麗廳)平日午餐,周一~周五(午餐)1090元，用餐時間限制11:30~14:00。2020/11/13的大門口(玻璃門)上印的營業時間：周一~周五11:30~21:00客人都會誤解，誤解~(全天營業,都有供餐)。☆2020/11/13中午，有拍照(1樓)已經有放(告示牌)提醒客人，平日的(周一)~(周五)：下午14:00~17:30休息。傻眼:居然有(客人)不知道？餐廳有(用餐結束時間)限制。基本常識:餐廳(午餐)跟(晚餐)都有(用餐時間的限制)，一般大多數餐廳用餐時間都規定：用餐(90分鐘，或120分鐘)。(午餐)結束時間:(下午14:30)，(晚餐)結束時間:(晚上21:00)。傻眼:(不會有客人)不知道吧？舉例:王品集團的(西堤牛排)，午餐結束時間:(下午14:30)。龐德羅莎(美國連鎖牛排館)，世界級最大的連鎖牛排館。台灣第一家從美國引進(附沙拉百匯吃到飽)概念的美式廳。老客人囉！從念書到現在吃了20年，龐德羅莎是(很多客人)記憶中懷念(聚餐聊天)的最佳餐廳，點主餐有附(烤馬鈴薯)，附沙拉百吃到飽。早期的分店都去吃過：敦南、敦北,青島,南門,三重、大安店、中壢店,台南永康店、木柵店、新竹店、內湖店、新北投店、桃園台茂店、京華城店，……但以上這些(分店)都沒有了。以前每年都有出(龐德護照)，(護照)有很多折扣優惠…所以常來吃,都拿2本護照才夠用。…但現在已經沒有出(護照)了。(有貴賓卡)之前都郵寄(生日五折)給(本人)有收到~感謝。但從2018年11月起，現在改成不郵寄(生日5折)。老客人中午(午餐)會來用餐，有(貴賓卡)有打九折，生日當月的(壽星)又可以打五折喔。重點：(沙拉百匯)有熱吧區、冷吧區、飲料冰淇淋區，食物種類多非常多樣化，CP值超高，物超所值，吃到飽價格划算，餐廳的用餐環境乾淨舒適，是一家優質的(美式餐廳)。如果到(喜來登~12廚)1190元，跟(晶華酒店~麗廳)1090元，用餐時間限制150分鐘，吃得很趕時間啊。到(龐德)用餐,物超所值吃到飽很划算,用(午餐)可以坐到下午16:00就不會吃得很趕時間，所以老客人都來(龐德)用午餐,來這吃飯加看書~放鬆啦。店家體諒客人(午餐用餐，可以讓客人聊天坐到下午16:00，所以常常看到都是(團體聚餐聊天敘舊)的客人，都會選擇到(龐德羅莎餐廳)聚餐！下午店家16:00會熄燈休息。基本常識：餐廳都有分午餐跟晚餐(用餐結束時間一般)：(午餐結束時間):下午14:30，(晚餐結束時間):晚上21:00。(官網的晚上21:00)是指(晚餐結束)最後營業時間。店家您們下午16:00要熄燈休息，請禮貌先告知客人(午餐用餐結束時間)只到下午16:00。(官網的晚上21:00)是指：(晚餐)最後結束時間到21:00。…否則遇到(不明理客人)硬拗(午餐)點(排餐)吃飯,傻眼硬拗要坐到晚上(官網的21:00)。真是令眾人(傻眼)的誇張吧？(店家)您們遇到(超級大奧客)，點午餐,硬拗坐到晚上21:00。~~~(店家)真是辛苦您們了。老客人跟您們表達深深感恩：(午餐)常來吃飯，看您們餐廳(每位人員)在各自工作站努力，提供(客人)優質的餐點，和多樣化的沙拉吧的食物，跟舒適乾淨的用餐環境。感恩您們的努力,辛苦您們了。2020/7/24周五,才11:15櫃檯就圍一群客人在點餐，本人還排隊在很後面喔，生意太好，~客人很多(客滿)，都是(暑假)訂位聚餐的客人。2020/11/5中午去用餐~客滿,都是(聚餐聊天敘舊)的客人好多喔！一群一群的聚餐客人。「人以善感天；天以福應。」善哉善哉~阿彌陀佛。(常念南無阿彌陀佛)添福增慧~平安發財。",沙拉吧的菜色可以換一下嗎？,今天吃的是沙朗牛排+海鮮大餐的雙人套餐，牛排的味道挺不錯，沙拉吧用料很實在，尤其是服務人員事前有告知沙拉吧只提供到九點，但八點五十分還看到員工在補菜，感覺很有誠意。唯人手感覺有點不足，建議主管如有餘裕可再補充人力。,10/25用餐，10/26有連絡貴公司FB/官網反應，但石沉大海，為了我家最愛的餐廳品管，在此再次反應。當天反應二次，得到回應是我們雞肉有品管，廠商來的大小不會差異太大，我們會跟廚房反應，孩子極好奇，促使我們打包回來秤重，這個差異也太大了吧，我都會推薦你們給我的朋友，但這次經驗，實在讓人不舒服，出餐的品管可要好好把關，不要辜負我們對你的信任。,人很多，必須預約否則等很久，食材還算新鮮，炸雞翅、濃湯、沙拉、熱菜均好吃，主餐比較推薦沙朗牛排，cp值較高，附近停車要走到台大停車場
台式/小吃,粥,ChIJddB-FnOpQjQRtpaWgedVZPI,源士林粥品,店面：空間不大，6張雙人桌，1張單人桌（上面擺了數瓶胡椒粉，辣椒粉，有冷氣餐點：料比其他數間源士林少，湯頭比較淡，可以選加辣蘿蔔或油條，辣蘿蔔有辣，但很鹹，菜脯是軟軟的那種，不推吃完口很乾服務：也許是做生意太累∼？很不耐煩的態度，讓人感到不是很好不會推薦的一間就這樣∼,態度極差,魚霸還不錯吃可是名字很ㄎㄧㄤ,剛好遇到週年慶鮮蚵粥兩碗才99元,說要辣蘿蔔拿回家才看到忘了給，沒有再加胡椒粉也沒先告知客人。海鮮天熱不新鮮，有腥味。
台式/小吃,粥,ChIJsxRQ5oupQjQRN_9HJB8OuEk,粥粥頌廣東粥專賣店,時好時壞如果有很多人排隊那你那碗就會差強人意如果沒什麼人那你那碗就會超級好吃有時候人多老闆會不耐煩去好幾次了都是這樣,外送來還是一樣很熱這點就值得稱讚了,粥口味好吃！老闆人也不錯夏天沒有冷氣可以選擇外帶∼,老闆其實只是比較直率點，餐點還行,老闆口氣很直內用沒有冷氣
台式/小吃,粥,ChIJa751qv-pQjQRNR7GmheM72U,滿粥穗台北公館店,我點的是櫻桃鴨胸肉粥，鴨肉是片狀還蠻多的，類似鴨賞鹹鹹的口味，很容易一口接著一口吃完，還有半顆溏心蛋，但價格上並不便宜，1碗要130元，雖然有其他新鮮創新口味，但最低價也要破百，無法常常購買。,我點香菇滑雞粥真的好吃雞肉嫩嫩的不會老香菇很香不過整體價位偏高,非常差勁的店家！買月半乾麵，因為懷孕的關係，請店家將生蛋黃煮熟一些，竟然回我「沒辦法，公司規定不行，也不能不要」這到底是什麼道理！從沒買東西遇過這樣的店家！不敢相信竟然會有這樣的服務方式！差到不能再差勁了！,"（只提供外帶不提供內用,有UberEat和FoodPanda外送，結帳可以使用LINEPay，可以輸入載具）這一次到實體店面外帶的料理是：香菇滑雞粥，以及船凍小卷粥，和兩個滷品，一個是米血糕，一個是麵腸。首先，我必須要說店內的單太亂了，有現場客還有美食外送單，還有電話外帶等等，整個店面前台一到二人，後台大約也有三到四人，這樣應該不會忙不過來，但是依然很忙亂，動線也不好，位置很好，但是空間狹小。好吃的，不錯吃，特別是香菇滑雞粥，美味，薏仁的爆米花當作粥品以往的油條的取代，滿歐有意思的。小卷粥雖然用料實在，但是感覺口味上就沒有香菇滑雞粥那樣突出，但也是不錯的。兩個粥品都有加上糖心蛋半顆，很不錯！滷品的話，麵腸很普通，但是米血糕很不錯。在這個位置，公館水源市場周圍，除了源士林之外，雖然比它貴了20-30，但是我認為粥品能夠有第二家的選擇，是很不錯的。",香菇滑雞粥好吃，鮮蝦干貝粥薑絲放太多了……第二次回購，可以指定不要放薑絲，加分
飲料/甜點,冰品,ChIJm6NFboypQjQR-FXOgyKvjA4,Mr.雪腐公館店,點了台18珍奶跟抹茶的超好吃,有點貴啦不過好吃（台南人說不夠甜,目前吃過最好吃的雪花冰,珍奶冰好吃且便宜但排隊動線實在太差不太能理解先點餐後等待安排座位的用意一堆人點完餐後卻也沒位子坐只能傻傻地站在旁邊等那天人又很多擠得整個一樓都是人偶爾有人要拿冰借過完全不知道該擠去哪裡尤其坐在一樓的吧台旁邊擠得全是人也很難靜下心來好好品嘗寧可先找位子再點餐找不到位子就算了也不要站在悶熱的一樓跟大家人擠人乾罰站.......(那天等了15分鐘有了),初訪西瓜雪花冰真的很讚冰的口感很滑順不會有冰箱味或其他多餘的味道完全是超濃超香的西瓜味這種口味這個價錢CP值超高的啊煉乳還可以免費加螞蟻人應該很愛後訪仙草口味一開始吃覺得苦後面配著煉乳其實很甘甜目前吃到的口味都做的很好味道都好純
飲料/甜點,冰品,ChIJSZWZbwOpQjQRZ0I4u3wZZiY,旺來甜冰品-WangLaiIceShop,2020.11.10=★★★★☆推薦：綜合豆花冰。提醒：豆花配料的風味無特別，但都有用心處理。夠甜夠Q，風味明顯。50元單價，但是份量絕對是可以吃飽的量，物超所值。牢騷：座位區真的很小。＝＝＝＝＝＝＝＝＝＝＝＝＝＝＝＝＝＝＝＝＝豆花第263碗，來到水源市場裡的【旺來甜冰品】。櫃位在靠近西面水源市場的入口處，櫃位很小，只有一小排靠牆座位可以內用，進出市場的人都會跟你卡到，不舒適。綜合豆花冰(50元)=端上桌的時候，唉唷!!份量真的很多，黑糖粉圓都冒著熱騰騰的煙，用看的，就知道這一碗很可以!!豆花仙開始，黃豆的味道可以，稍嫌單調一點，但沒有太差勁的味道。芋圓番薯圓都是一般市售冷凍的那種，但是Q度煮的很可以，風味還是有出來，夠明顯。花生，都差點煮成泥了!!入口，糖的甜度很高，但是無仿，土豆的香氣也十分濃郁。湯圓，QQ，有咬感，也有糯米香氣，比昨天那一碗好吃多了。粉圓，Q，熱騰騰，裡面扎實有咬感，甜度高，黑糖風味明顯，好吃。整體來說，就是一般的豆花店，每樣食材都是買現成無特別，但有用心處理，5分。吃完真的超飽....,豆花綜合冰，端上桌不是太大碗，但裡面給的配料蠻紮實的，而且每一種份量都蠻足的！豆花口感很香而綿密，小湯圓及芋圓都很軟Q，糖水部分較沒有太多特別感受，身處水源市場內，內用環境比較吵雜，冰品製作速度快，在市場裡吃飽飯後，來這點上一碗，還是很不錯的∼,這碗只要50台北其他地方少說要60起跳而且份量不少芋圓很軟珍珠還是熱的整體來說願意再回購,珍珠有股特殊風味，芋圓很香所有配料合在一起味道融洽份量大,給料很大方都要滿出來了，我覺得很超值，也好吃！
飲料/甜點,冰品,ChIJuaw9uIqpQjQR4ti8RP9PTro,綠屋冰城,2020.08.02=★★★☆☆推薦：芋頭、粉條、芋圓。採自助式，一碗60元，料自己挑，自己挖，不要裝超過碗緣都可以。適合學生，吃得很爽的冰店。但有些配料不新鮮。＝＝＝＝＝＝＝＝＝＝＝＝＝＝＝＝＝＝＝＝＝吃完【大聲公牛肉麵】，日頭赤豔的情況下，又想吃碗冰。google一下公館商圈，附近的冰店幾乎都吃過了。瞄到秀泰影城旁巷弄裡有一間【綠屋冰城】，居然有4.9分!!造訪時，沒有價目表。老闆表示，自己挑料挑量吃到飽，只要不超過碗緣即可，完全就是吃到飽自助冰呀。內用空間是小學用的桌椅，別有趣味；不過品質不佳，多半會搖晃。自助式剉冰(60元)=因為也不太餓，簡單挑了9種料來試試。剉冰跟糖水都算是普通，冰粒比較偏粗大，糖水香氣不足。先說好的，粉條的部分口感非常Q嫩；芋頭口感綿密有甜，太讚了!!自己挖真爽；芋圓口感纏牙。紅豆、仙草、小薏仁普普通通。再來就是不好的，番薯圓口感可以，但是明顯有點酸味；湯圓味道也稍稍詭異點；粉圓脆脆，彼此黏在一起，口感不甚好。爽度是很高，但有點配料擺明品質不理想....整體口味3.5分。,老闆很親切讓人心情很愉快冰的cp值超高配料中尤其芋頭塊最讓人驚艷沒吃過這麼Q的！大家去要記得點會再光顧,誰會相信在公館商圈一杯手搖飲的錢就能剉冰吃到飽要什麼料自己挖不要超過盤平面就好管你挖3樣還10樣最愛蜜芋頭蜜紅豆香濃鬆軟又綿密老闆煮功一流特製鳳梨更是厲害吃了會流淚想阿嬤特製糖水香氣足光吃清冰也很消暑老闆大方歡迎大家續冰不續對不起自己季節限定芒果冰百元有找高CP值的剉冰店最適合揪朋友一起呷涼啦,今晚無意中發現此店~60元~在公館可以自己添料，果醬每樣加5元，又可以補一次冰(跟糖水)店家態度感覺就是朋友一樣，這樣會虧吧@@老闆(加百香果醬又少收5元那位),老闆超佛心冰吃到飽不怕你吃料多不限種又好吃讓你自己加到滿碗大推！
飲料/甜點,冰品,ChIJmRLFCoupQjQRoc6UGsh0-dI,以利泡泡冰,"豆花完全沒有豆香味，感覺很稀蓮子還可以，我寧願你賣貴一點""以利""之名完全不行這是我最近吃過算最差的豆花可能吃到不是他們擅長的品項吧...",賣相非常不佳芋圓沒幾個就算了還已經泡爛了還用一個很稠的糖水包裹而且芋圓裡面有“蟲”料很少這樣要45元…味道整個死甜很噁心很雷,不用跑到基隆廟口，就可以吃到很道地的泡泡冰，口味多，大紅豆花生口味是招牌，甜味較低些，還有可外帶的盒裝，冬天的麻薯也很Q，搭配花生芝麻粉，也很好吃喔！每次到公館都必吃的甜點,泡泡冰好吃，價格稍貴。這家店從宜蘭開始，之後搬到基隆，現在總店在士林。可能因為生意好，老闆沒時間收拾桌子，客人要自己動手整理前一位客人留下的碗盤才能找到位置坐下來。,好吃的泡泡冰，冬季才有的燒麻薯也值得一試。
飲料/甜點,冰品,ChIJq98Fh9KpQjQR5Ppeb-q---8,基仔冰,冰棒很好吃，可以吃出食材的原汁原味。石花凍非常順口，加上寒天晶球QQ的口感，和新鮮的水果，更添一層風味。,住附近很久了，經過N次竟然一直沒細看過他們的冰（好像偶爾會沒開所以一直忽略...），清爽低卡又實惠，試了小黃瓜檸檬才58卡非常清新很喜歡，現在疫情還另外賣柯基口罩套喔,味道吃的出天然真材實料,太特別的冰一定要來吃有幸福的感覺,健康好吃，養顏美容，狗狗很可愛
飲料/甜點,冰品,ChIJPQpyvYupQjQR_RhYmpFQnmM,波囍,看推文說茶類濃醇香才買了老派紅茶...結果根本就是淡淡紅茶味的白開水...喝不到一半就丟垃圾桶了...,不喜歡，蜂蜜綠茶跟別家飲料比起來整體味道淡很多，連個蜂蜜味都沒有，不好喝。老派紅茶的味道也不優！2次去都是男店員，他們調的飲料不好喝。味道不符合自己,飲料很好喝但服務很傻眼所以只給3顆星10/11前往購買的時候點了鐵觀音珍珠歐蕾付了錢店員後來卻直接離開等了五分鐘告知其他店員才發現根本沒點到還好後續也沒有發生什麼問題,心目中公館前幾名的飲料店小店經營，茶湯品質和新鮮度都很有水準部分熱門品項極易售罄,第一次到此店光顧，點了冬瓜檸檬與冬瓜鐵觀音，覺得冬瓜超讚！不死甜！檸檬也不會超酸，整體評價很好，茶味香氣十足，身為中壢人實在還會想再回店裡光顧！超好喝！
飲料/甜點,冰品,ChIJmVrVBoupQjQRbT6PhVBBGNc,鴉片粉圓,檸檬愛玉粉圓酸又真,沒有以前好吃了，粉圓沒煮透...,普普我國中的時候比較好吃現在有點變了味,冰好吃，但常常客滿,很愛吃愛玉，推推
飲料/甜點,冰品,ChIJv61btrmpQjQRCIQFTdbLQ38,墨潮青蛙撞奶,味道跟以前陳三鼎一樣，濃濃的黑糖粉圓。一杯40元好喝又便宜。到公館一定要買。,跟陳三鼎口味一樣好喝，後期陳三鼎的珍珠變硬了，現在的珍珠比較軟比較像早期的陳三鼎珍珠，好吃。因為是黑糖珍珠所以偏甜，很正常。,典型的畫虎不成反類犬最精髓的珍珠沒學到半點跟陳三鼎完全不能比而且招牌過很久才上也用光泉牛奶店內擺設封膜機等都沒換容易讓不知道的人誤會不知道是不是想蹭陳三鼎的名氣,點了檸檬愛玉，飲料做好後發現忘了加糖，他的處理方法是拿個新杯子倒過去一半，再加糖加冰變成一杯，問題是因為沒有完全倒過去，所以檸檬汁很多都留在原本那杯（因為檸檬會沉在下面），導致我整杯喝起來幾乎沒檸檬味，超難喝。,相信我絕對有更好的選擇這味道就跟之前模仿陳三鼎竄出的一堆店沒兩樣跟正版的差可遠了
飲料/甜點,冰品,ChIJrbo9uYqpQjQR8iH6LE-19Qo,COMEBUY_台北汀州店,店員服務態度很好，飲料也好喝。帶環保杯去買，加到全滿，太感人了。,好喝，可是飲料名稱叫海神真的太尬了,海神好喝，店員服務親切,之前有個男店員很帥,珍珠奶茶的珍珠很軟彈，熱飲會詢問要全熱或溫熱，蠻貼心的。
飲料/甜點,冰品,ChIJmdQQdoupQjQRXbuKj3Ywky0,墾丁蛋蛋ㄉㄨㄞ奶,喝到一半會覺得嘴巴很澀不知道是牛奶混合了他們的黑糖珍珠所導致的味還是。。。偏甜所以久久喝一次尚可,服務態度爛死直接在我面前翻白眼又沒要你重做是在不耐煩什麼,"黑糖粉圓夠Q又不會太甜,飲料均價40在台北算是親民",用福樂氮氧鮮奶製做，味道很好，已成排隊名店！,每次來公館必喝這次多點了綜合感覺偏甜不過很有嚼勁招牌還是無失色推薦
飲料/甜點,冰品,ChIJz-h4Q1GpQjQR6LHc8buGm28,五桐號Wootea公館店,已經說了是招牌五桐拿鐵去冰加珍珠跟茶凍，過了超久才拿到結果沒有茶凍，工作人員淡淡的說：噢可能是我做錯了~然後他打開上面包裝的時候直接把手指插進飲料裡面，超噁心，旁邊同事提醒才幫我們重做一杯，結果重做的那杯沒有去冰...真的很無言，用點心上班很困難嗎？領死薪水也至少做做樣子吧！服務超爛，真的第一次讓我看到這麼爛到掉渣的服務態度，真的讓我對五桐茶印象大壞，希望未來的消費者不要遇到這樣的服務，也希望五桐茶能多進行職員訓練，持續進步！但對於你們的飲料品質還是很有信心的，茶跟茶凍很讚！,想請這家店外送所以去聯絡了messenger一開始回得很迅速但臨時改了外送時間所以告知卻已讀訊息打了兩三通電話過去也一直沒有人接還重新確認了營業時間再打但也還是不接...上一次想訂則是過了很久很久才讀訊息電話也沒有接...（但這次外送沒有遲到而且外送員態度很好）但這次外送有個小小的疏漏就是飲料送錯...點了奶茶標籤貼對了但是內容物錯了>,今天點了外送，結果奶霜是用封膜封口，要喝時很難撕，撕完會有透明的一層撕不起來，這就算了，裝袋時竟然是倒著放，奶霜都直接跟茶混在一起了，覺得沒喝到自己想喝的東西店員應該要知道這是不能倒放的吧。ps:奶霜確實是因為倒放才混在一起的，因為其他正放的送來都好好的。飲料是在塑膠袋裡就倒放的，難道貴店都是讓外送員司機自己裝袋?,想要電話外送，但是他的門檻要五公里內且滿600元才可以外送，在飲料外送門檻設太高，且訂購地點我們是在台大校園內，但卻要滿6杯且只能送到羅斯福路門口，我的感受這家飲料店姿態擺很高，會失去外送但金額不大的客源。往常訂飲料通常都是200~300內就可以外送，以此建議請參考，謝謝。,1星都不想給！已第二次了這樣了！也沒再有下次..瞎爆生意好就能這樣嗎？上次事先預訂約好時間~~遲到~~外送小哥頻說抱歉說忙我也就信了這次再預訂而且提前2天跟你們說結果約好時間你們沒送我親自跑去貴店看你們櫃台人員在聊天而且我的訂單都還沒做非常差勁
飲料/甜點,冰品,ChIJQdaEkUypQjQReJPpCdabjD0,大學口林老杯,用料實在，今天點「綠豆牛奶冰沙」價位50元跟很多連鎖店一樣，但風味較佳！推薦∼現打的不是預先製成直接裝的那樣，等待時也細看了一下其他產品，感覺有用心、有自己的特色！真的是值得推薦、品嚐！,3Q撞奶好喝順口，極推啊！裡面包含了仙草、珍珠和綠豆，三者表現都很亮眼，仙草是嫩仙草，軟嫩化口，而珍珠非常非常Q，咀嚼時散發出濃郁不甜膩的黑糖香，整體喝起來甜度剛剛好，不會覺得甜膩澀喉，很喜歡。,喝仙草奶稍小杯牛奶不錯,招牌很精緻，用料實在，這一家採用美國進口科克蘭鮮奶，是鮮奶不是牛奶，牛奶就是還原乳，真是佛心來著,好喝！
飲料/甜點,冰品,ChIJ256qHIupQjQR-DzzG-OGC5Y,小日子商,簡單來說真的很糟我不知道其他類的飲品如何但是他的冷泡茶真的超雷不大一瓶要75可是在喝的時候就現有物理性阻礙了他用茶渣泡是茶渣！所以每一口喝到都會是茶渣滿口都是我都懷疑我是不是在吃魚還要挑魚刺而且冷泡茶不冰又是放超久的感覺超澀這種品質75真的超不ok優點是瓶子很好看,店內無法試穿，但也無法更換尺寸的購物經驗讓我對小日子營造的形象感到虛假。,喜歡鮮奶茶跟冷泡但店員不會主動告知可以集點要自己主動詢問才會拿出集點條碼給你掃描,不只小日子，還很小心眼衣服尺寸隔天拿去換就不能換了包裝完整，衣物完好，依然無法更換尺寸。一直堅持自己合法，對消費者來說是無意義的詞彙，只會使人心生反感,晚上經過公館，特意繞去小日子，想試試看他們家飲料...點了紅茶及烏龍拿鐵回家時細看發現紅茶顏色很濁，像放了很久...味道已走味。另一杯熱的烏龍拿鐵正常，溫度正好，奶香與茶香均衡，整體來說還不錯喝，下次仍會購買此款。特地去買，買到不新鮮的茶飲有些失望，希望店家能稍微注意茶飲品質維持。
飲料/甜點,冰品,ChIJnX29aompQjQR1Mz4z-ccjh4,好想吃冰かき/日式蔬食台大公館店（公館美食.公館素食.日式素食）,飯類還好，可能強項是冰。,菜色多樣，座位空間多元，地點良好，紅茶好喝,還可以，座位有插座,素食餐廳+吃冰的好地方,原本在外面看起來店內環境不錯，結果進去後，看DM點了兩個套餐+奶酪，剛回坐餐點馬上就來了也太快速了吧？一下子甜點也上來？蔬食丼飯超級無敵難吃想說甜點因該會好些，吃了一口抹茶奶酪很苦口感不好，在吃芝麻口味吃1.2口覺得味道酸酸的有怪味，結果竟然是壞掉酸掉了還要我們告知店員才發現？雖然有換一個新的來，但是貴餐廳在出餐前不用檢查食材是否壞掉在出給客人嗎？害我回家拉肚子還吃胃藥身體超級不舒服
飲料/甜點,冰品,ChIJS9Pk5m-pQjQRDIfh2Zw9AXQ,打勾勾-厚起士飲品專賣店,喝來過於膩口,之前喝過紫薯學長覺得還不錯！這次嚐試了新品草莓口味微糖的甜度剛剛好奶蓋一如往常非常濃厚草莓冰沙也好好喝大推！,起司奶蓋不錯，碧螺春本體普通，混合起來也普通；裝潢很文青，店面只有一個工作人員，要接電話要點餐還要做飲料有點忙碌。下次會想試試別的口味。,起司比起其他飲料店味道算不錯紫薯學長很特別而且不錯喝厚起司碧螺春好喝想喝奶蓋系列可以嘗試但有幾次去店員愛理不理,綿密的起司奶蓋搭配紫薯牛奶，非常順口，從店裡一直喝到宿舍！好喝！
飲料/甜點,冰品,ChIJZbOpk-GpQjQRI6hs76n0w0M,春芳號台北公館店,珍珠非常好吃茶普普。包裝很美麗，會想再喝,杯子漂亮，服務好也好喝∼但是一拿到我的手細節可能要請店家注意一下∼,8點多下的訂單直接被取消，是怎樣？,桂花烏龍鮮奶加珍珠75還不錯,飲料好喝（個人點蘆薈蜜系列）不過這個系列因為有果汁所以很甜怕甜如我建議點無糖
飲料/甜點,飲料,ChIJrbo9uYqpQjQR8iH6LE-19Qo,COMEBUY_台北汀州店,店員服務態度很好，飲料也好喝。帶環保杯去買，加到全滿，太感人了。,好喝，可是飲料名稱叫海神真的太尬了,海神好喝，店員服務親切,之前有個男店員很帥,珍珠奶茶的珍珠很軟彈，熱飲會詢問要全熱或溫熱，蠻貼心的。
飲料/甜點,飲料,ChIJPQpyvYupQjQR_RhYmpFQnmM,波囍,看推文說茶類濃醇香才買了老派紅茶...結果根本就是淡淡紅茶味的白開水...喝不到一半就丟垃圾桶了...,不喜歡，蜂蜜綠茶跟別家飲料比起來整體味道淡很多，連個蜂蜜味都沒有，不好喝。老派紅茶的味道也不優！2次去都是男店員，他們調的飲料不好喝。味道不符合自己,飲料很好喝但服務很傻眼所以只給3顆星10/11前往購買的時候點了鐵觀音珍珠歐蕾付了錢店員後來卻直接離開等了五分鐘告知其他店員才發現根本沒點到還好後續也沒有發生什麼問題,心目中公館前幾名的飲料店小店經營，茶湯品質和新鮮度都很有水準部分熱門品項極易售罄,第一次到此店光顧，點了冬瓜檸檬與冬瓜鐵觀音，覺得冬瓜超讚！不死甜！檸檬也不會超酸，整體評價很好，茶味香氣十足，身為中壢人實在還會想再回店裡光顧！超好喝！
飲料/甜點,飲料,ChIJ29mNvoqpQjQReJyDJ4e1yfk,迷客夏milkshop臺北公館店,爛死，去冰要錢，中杯是能補多少奶，結果少冰也只給我九分滿啊，怎麼不退我五塊，少冰還跟別人全冰一樣，久久喝一次能維持這麼雷，真的辛苦了，一顆星都不值,為了加好友折10元app跑得比較慢，店員讓後面一位先結帳很合理，我也可以接受，但等我已經拿出折價頁面給店員看的時候，她依然先讓我後面的後面那位結帳，把我晾在一旁，就很無語，然後那位不僅點很多，表情甚至顯示出她以為我是插隊的。反正就一星吧，服務態度不太行。,要幫店家平反一下，雖然等飲料花了一些時間！但畢竟是優惠活動，店家有提前說需等待，消費者也可以選擇要或不要，講話很平淡那位雖然講話平淡，戴著口罩但還是有笑容（可能太累了）跟給飲料還跟我們說聲辛苦了的店員，都很值得嘉獎我覺得你們更辛苦啊,去排了恐怖的芋圓買一送一活動有一個店員講話很平淡（感覺很厭世有一個拿給我們飲料的時候說辛苦了（問號w我覺得他們比較辛苦）還讓我們改單（雖然後來沒改）飲料有點像椰奶西米露,沒遇過那麼慢的飲料店，不會想回購第二次。
飲料/甜點,飲料,ChIJN6jRyYqpQjQRhOJRE7PsNQ0,十杯極致手作茶飲─公館店,老實說就是普通茶飲偏貴,大致上不錯，很多鮮奶可選擇，但茶味較淡。--------------------------------------------------------------------------漲價了...昨天想說很久沒買來買一杯....不知道是喝習慣了春X號...您們家的茶味真的真的很淡...奶味也還好...又漲價茶味又淡真的不太OK...,2020/12/08晚上六點左右不太懂買個鐵觀音，裡面三位店員在那邊嘻嘻哈哈要幹嘛，飲料應該不會比較好喝吧然後口罩要帶就帶好，口罩帶一半露出嘴巴跟鼻子，還在那邊嘻嘻哈哈，那貴店要求帶口罩要做什麼，浪費口罩嗎,點了杯牧奶茶黑糖初鹿溫85以前有喝過還蠻好喝，前天朋友也買了，難喝爆味道也淡，今天再給他一次機會，整杯就像正常人認知的鮮奶茶再加半杯水，也沒有黑糖味不會有下次了,可以自己選擇鮮奶品牌的鮮奶茶店，品項比1、2年前多了，芋頭鮮奶、黑糖鮮奶等都是新的，時隔一年再喝，鮮奶茶口味有變，每次來都點的主恩鮮奶茶(M$55L$65)奶味變淡許多，飲料店競爭激烈，希望十杯可以不忘初心，繼續做出好喝的鮮奶茶阿！等待時間的話…過去每次路過都在排隊，熱門時段大概20分鐘可以拿到，現在人潮不是那麼洶湧了，現點現拿。現場點比外送平台便宜5塊錢，希望我下次再嘗試他們可以回歸令人驚艷的飲品∼∼如果回不去了…附近還有非常多飲料店，大家可以多走走逛逛，不要拘泥過往@@
飲料/甜點,飲料,ChIJCahvDoupQjQRFbdDBRrHOsY,COMEBUY_台北公館店,有夠爛馬的站在那邊5分鐘被半個服務員不知道跑哪去了之後才看到店員從對象跑過來不知道在做什麼生意上什麼班,料沒煮熟，好好一杯飲料喝到很都蘭,真的覺得很誇張排隊客人只有兩個我點了紅茶我在跟我的女兒說話他拿了別人的蘋果紅茶給我今天店員本該記得客戶點的東西我打開給女兒喝了一口他馬上說他給錯給錯要拿回去盡然都給錯了就直接給我們就好自己搞錯飲料後面我原點的紅茶沒味道剛剛那杯蘋果紅茶倒掉了嗎他說還沒我說那你那杯直接給我他自己做錯飲料還要我們補差價一種感覺的問題臉臭到一個無可救藥什麼店家阿？？,芋圓超級硬沒碰過這麼難吃的芋圓其他分店都不會這樣,連鎖店差不多這種飲料，不過開在紅線邊，會很難吸引馬路上的車來買！20331
飲料/甜點,飲料,ChIJrcW9oiCqQjQRGDUC1R2jDCg,原典鮮沏茶,服務態度極差。這種店不應該繼續存在校園中。,茶好喝不收鈔票,服務員的態度很差，真夠爛，大學有很多不同國籍的學生，客人不了解或不懂的，不單沒耐心說明，還在客人面前說客人壞話，沒禮貌的女店員。,台大最愛的飲料店自備環保杯折抵2元喔！,這家東西不錯善意提醒：隔壁咖啡超難喝
飲料/甜點,飲料,ChIJZ1hI14WpQjQRWkCFEnfwUS4,凰上您好手搖飲DearQueenTea/公館飲料/公館手搖飲/台北飲料/公館珍珠奶茶/公館美食/公館冰品,買凰上柳不住不加茶凍，店員本來忘了做到一半，後來還是告知店員再弄一杯，覺得服務很好=）但少一星是飲料本身的柳丁刺舌感很不舒服，喝完舌頭都麻麻的。另外柳丁有點不是那麼漂亮，皮有些黑褐色。,安安啦一杯飲料做了大概十分鐘很讚這是什麼紅芭樂95元的飲料好喝但裡面有很多很靠北的籽保證喝到翻臉推薦給想要鍛鍊牙齒的朋友,御茶凍超好喝∼∼幾乎是九分滿的茶凍，再加上鮮奶而且茶凍口感滑嫩，整杯很有飽足感,第一次喝琥珀鮮奶茶原本以為桂花香跟鮮奶的味道會很矛盾沒想到很好喝欸！蜂蜜跟桂花的香氣茶味也很夠下次可以降一下甜度,大推琥珀鮮奶茶！有桂花淡淡的香氣，超好喝
飲料/甜點,飲料,ChIJZbOpk-GpQjQRI6hs76n0w0M,春芳號台北公館店,珍珠非常好吃茶普普。包裝很美麗，會想再喝,杯子漂亮，服務好也好喝∼但是一拿到我的手細節可能要請店家注意一下∼,8點多下的訂單直接被取消，是怎樣？,桂花烏龍鮮奶加珍珠75還不錯,飲料好喝（個人點蘆薈蜜系列）不過這個系列因為有果汁所以很甜怕甜如我建議點無糖
飲料/甜點,飲料,ChIJSS8omoupQjQR7w9gCacg0EY,茶湯會台北公館店(台大),是在哈囉，剛剛點了熊貓外送，紅茶+波霸要多10元，阿結果給我細的吸管？？這就算了阿我點完全去冰（它有去冰、完全去冰、熱），阿做了一個根本是微冰是？？上班要認真一點吧,今天在foodpanda點一杯翡翠拿鐵，但覺得味道跟以前喝的不同，茶超澀超苦,9/26，下午五點多分的熊貓外送兩杯來時發票全溼跟破掉，打去本店詢問，當下處理的人直接說熊貓的錯還很強硬（男）然道發票不是你放在上面給他的嗎在硬說一堆廢話推責已經找方法投訴總公司請此間店員有責任一點，發票是你們開出的,點了一杯東瓜檸檬，結果做成冬瓜茶，把東西拿回去告知店員，小姐的服務態度超差的，結果換了一杯四不像的冬瓜檸檬（超酸的），下次再也不去買了,服務態度真的不怎麼佳，店員聊天有點大聲，給人的觀感真的不太好，飲料也不怎麼好喝QQ
飲料/甜點,飲料,ChIJS9Pk5m-pQjQRDIfh2Zw9AXQ,打勾勾-厚起士飲品專賣店,喝來過於膩口,之前喝過紫薯學長覺得還不錯！這次嚐試了新品草莓口味微糖的甜度剛剛好奶蓋一如往常非常濃厚草莓冰沙也好好喝大推！,起司奶蓋不錯，碧螺春本體普通，混合起來也普通；裝潢很文青，店面只有一個工作人員，要接電話要點餐還要做飲料有點忙碌。下次會想試試別的口味。,起司比起其他飲料店味道算不錯紫薯學長很特別而且不錯喝厚起司碧螺春好喝想喝奶蓋系列可以嘗試但有幾次去店員愛理不理,綿密的起司奶蓋搭配紫薯牛奶，非常順口，從店裡一直喝到宿舍！好喝！
飲料/甜點,飲料,ChIJp1wkXi-pQjQRfu3yyNjKXew,日日裝茶公館台大店,第一次來消費20201204喜歡咬珍珠，這家讓我感受到值得再來，來回兩次點兩次期待下次來珍珠不要跟營業時間久的店家一樣品質落差相對一開始營業的感覺一大半....祝福興隆,好茶會再訪！謝謝店長~讓我可以更換醇奶茶為鮮奶,推薦鐵觀音拿鐵+珍珠(很Q很好吃，不會過甜)配料芝麻奶酪也不錯很搭茶香口感佳店員態度好!!,飲料不錯喝，價格算中間偏貴，學生有有九折。,喝過不同分店煮的虎糖珍珠，覺得台大這家煮的最好吃！珍珠吃的到蔗糖焦香味，又很Q，店員也滿親切的∼讚喔！
飲料/甜點,飲料,ChIJ256qHIupQjQR-DzzG-OGC5Y,小日子商,簡單來說真的很糟我不知道其他類的飲品如何但是他的冷泡茶真的超雷不大一瓶要75可是在喝的時候就現有物理性阻礙了他用茶渣泡是茶渣！所以每一口喝到都會是茶渣滿口都是我都懷疑我是不是在吃魚還要挑魚刺而且冷泡茶不冰又是放超久的感覺超澀這種品質75真的超不ok優點是瓶子很好看,店內無法試穿，但也無法更換尺寸的購物經驗讓我對小日子營造的形象感到虛假。,喜歡鮮奶茶跟冷泡但店員不會主動告知可以集點要自己主動詢問才會拿出集點條碼給你掃描,不只小日子，還很小心眼衣服尺寸隔天拿去換就不能換了包裝完整，衣物完好，依然無法更換尺寸。一直堅持自己合法，對消費者來說是無意義的詞彙，只會使人心生反感,晚上經過公館，特意繞去小日子，想試試看他們家飲料...點了紅茶及烏龍拿鐵回家時細看發現紅茶顏色很濁，像放了很久...味道已走味。另一杯熱的烏龍拿鐵正常，溫度正好，奶香與茶香均衡，整體來說還不錯喝，下次仍會購買此款。特地去買，買到不新鮮的茶飲有些失望，希望店家能稍微注意茶飲品質維持。
飲料/甜點,飲料,ChIJ1V2JefKpQjQRDyl0SimHxkc,甘蔗の媽媽-台北公館店,我最喜歡的飲料店之一甘蔗金桔好喝潤喉,飲料很好喝，女店員都很親切,招牌甘蔗青依舊好喝！,粉角芋頭鮮奶65是杯吃不到芋頭顆粒&芋泥的芋頭牛奶，芋泥會跟牛奶混合，所以口感只剩帶有嚼勁的粉角，有淡淡的蜂蜜味，但是咬起來有種不天然的感覺，有種類塑膠感，個人不是太喜歡不過濃郁度是頗足夠的，味道不差，可惜甜度不能調整，對我來說很甜，偏好吃的到芋頭的芋奶，不太喜歡這種風格，不會回購，也許招牌品項較優鮮奶使用雄大，與高大似乎相同,讚
飲料/甜點,飲料,ChIJmdQQdoupQjQRXbuKj3Ywky0,墾丁蛋蛋ㄉㄨㄞ奶,喝到一半會覺得嘴巴很澀不知道是牛奶混合了他們的黑糖珍珠所導致的味還是。。。偏甜所以久久喝一次尚可,服務態度爛死直接在我面前翻白眼又沒要你重做是在不耐煩什麼,"黑糖粉圓夠Q又不會太甜,飲料均價40在台北算是親民",用福樂氮氧鮮奶製做，味道很好，已成排隊名店！,每次來公館必喝這次多點了綜合感覺偏甜不過很有嚼勁招牌還是無失色推薦
飲料/甜點,飲料,ChIJQVWymYupQjQR9l0jcfyF15I,巴伯Q奶Bubbletea黑糖珍珠牛奶專賣店,黑糖給太少，一點點，整杯都牛奶味多，黑糖不夠香不夠純。服務態度差，臉沒笑容。可能是因為只買一杯吧！,很喜歡！附近的陳三鼎多是觀光客（現已結束營業），但我都喝這家，從唸書時就在喝了，好喝，買杯珍珠綠豆鮮奶回味∼,天啊珍珠好好吃哦很怕黑糖珍珠會太甜結果甜度剛剛好完美,剛買一杯好喝到要馬上來給五星,點了珍珠鮮奶去冰女店員一直說天氣很熱珍珠很燙要加冰塊都說生理期不想加還是逼我加說加一點點結果半杯都是冰塊重點是加一堆冰塊還沒裝滿...無言害怕加鮮奶給客人那你真的可以不要賣珍珠鮮奶∼牛奶超稀∼根本沒味道
飲料/甜點,飲料,ChIJrbuKz0upQjQR0VqDFHphxTA,老賴茶棧台北公館店,12/3中午濕冷沒有人點一分糖做成全糖非常甜導致沒辦法喝12/8更新之前聯絡店家態度很好告知之後過去會補一杯新的,古早味紅茶可以調整甜度還不錯，但是做完的杯身沒擦過，手碰到濕濕的茶又再拿回去請店家幫擦一下。,這家超好喝！料好實在，茶底渾厚，最重要的是價格不貴及老闆客氣又親切！大推！,豆香紅茶好喝不膩難得的是喝的出那古早的豆香味味道跟永和世界豆漿一樣有焦味,冬瓜奶茶—不能調甜度，超爆炸甜養生胚芽—很怪欸？一粒一粒卡喉嚨，好奇怪沒有喝完，無法喝完丟掉的那種
飲料/甜點,飲料,ChIJEat10q-pQjQRrji2jzlzzQE,麻古茶坊台北公館店,芝芝葡萄是冰沙沒錯但喝完還剩1/3杯大冰塊價錢貴但不符合美味程度,今天第一次喝原本要點楊枝甘露但店員說賣完了她推薦可以試試新品「芝芝葡萄果粒」單從視覺上看略帶粉紫還挺美的但口感個人不愛而且葡萄還有發酵爛掉味道完全讓我不想再喝第二次,20201015點了朋友推的芝芝葡萄，好貴一杯要95，最上層是奶蓋中層是葡萄冰沙下層是葡萄汁及果肉，沒拌開時喝奶蓋跟葡萄汁感覺互相衝突有點突兀，拌開後連冰沙一起吃有點層次跟果然還可以，這個價格跟這味道cp值普通，是季節限定好像，楊枝甘露也過了季節,五分甜的波霸紅茶拿鐵，還不錯。茶味濃。,楊枝甘露跟芝芝芒果可以不要再加茶凍了嗎？？超不搭，結果芝芝芒果的口感喝起來比楊枝甘露還像楊枝甘露
飲料/甜點,飲料,ChIJQ_OhEIupQjQRaZOebBWucbE,50嵐公館店,「外送不準時」提早三小時預定，說出發時會先打電話提醒，等到約好的時間前兩分鐘，想說現在還沒出發不就一定遲到，主動打過去，說是先去送別的單，五分鐘後會到，我疑惑的說當初約好6：15pm，我人提前10分鐘到，不想讓外送員乾等，約好的時間如果做不到當初就不要接單，店員回說會在聯繫他，過了三分鐘沒有等到回覆，再打電話過去，詢問聯絡到外送員了嗎？他竟然說他人在外面，不知道他在哪裡。奇怪....上一通電話不是說要聯繫他嗎？結果根本是敷衍，只要送到就好？根本沒有時間觀念，在顧客提出質疑時，也沒有認真處理，雖然餐飲及外送都很辛苦，有時只要積極給顧客答覆就不會失望。補充飲料品質，點了七杯，自己喝的那杯波霸奶茶，每顆波霸都不知道泡了多久，變超大顆，且全黏在一起，對50嵐的波霸一直很死忠，這次真的踩到雷，50嵐品管是否出問題。,服務態度差，速度慢，一點半電話預約自取，兩點半去還沒做好??我滿頭問號。四五個人上班沒有外送就算了我點自取還要拖時間??,跟朋友各點一杯喝了肚子超不舒服結果拉了一整天垃圾飲料店,男店員態度很差，不知道誰欠他，最誇張的是真的沒零錢付1000塊就擺爛說我找不開喔==,訂了熊貓外送過了20分鐘後給我取消我等心酸的？？
飲料/甜點,飲料,ChIJGSZSEbmpQjQRaeA4PyFdxRo,龜記茗品-公館店,龜記的翡翠檸檬非常好喝！公館店晚一些的時間不用排隊！3分糖去冰可以點！,點了楊桃雷夢無糖卻甜到爆炸貼紙上寫去糖不知道是不是看錯加了超多糖加了一杯水還是太甜喝不下去本來抱很高的期待說....,CN-TheaterEp26-Act10.Scene11小人物大生活很少喝飲料的我，今日在友人排隊等候時，眼睛掃到抹茶豆漿，就點了...說實在的，真的好喝，雖然我也蠻愛豆漿紅茶，但抹茶更勝一籌啊；）,真的不是想要求服務多好一靠近要點飲料時，女店員一語不發，連個「需要什麼？」都沒說，我愣了一下後開始點飲料，點完只回「這樣90」我到旁邊等候飲品，也沒聽到她喊「幾號飲料好囉」兩杯飲料擺上後就一直看著我，照樣一語不發，我先是滿頭問號後，才靠近拿取飲料建議這位一字千金的店員，還是去後場調製飲品好不好,在ubereat點了三杯飲料，其中一杯點了小農鮮乳（觀音）加珍珠，送來的東西跟原本點的完全不一樣！！貼紙上寫著小農鮮乳（翡翠），裡面的是有紅柚的飲料再加珍珠？？有夠奇怪的，還都沒給吸管
飲料/甜點,飲料,ChIJL2Nx_oupQjQRlWJhhBrhDvE,樂法LePhare羅斯福店,短髮店員態度很差，還好飲料品質沒變。,剛買飲料店員態度很差2020/11/133:06,家裡附近最好喝的飲料店~~無糖伯爵紅加2倍珍珠超棒~~,蘋果芭樂綠茶超級淡像在喝水但是水還比較好喝。,店員態度很棒，非常喜歡來這邊消費
火鍋,火鍋,ChIJ366xIcOpQjQRYmVdYm8CGuU,東雛菊-風味鍋物,紅油麻辣湯頭聞起來有香氣但喝起來沒有麻辣口感，不香也不麻，鴨血也沒有入味，蟹黃湯頭則有特色，底下用白蘿蔔鋪著讓上面的螃蟹浮上可以供客戶拍照，非常有巧思，剛入口時有一點像喝咖喱湯的口感，濃稠又有蟹黃香，但飲料只有一種單調的清淡烏梅汁，和蟹黃湯頭喝久之後也不免感到整體口感濃膩，黑豚豬肉有強烈的豬肉腥味，吃了第三片之後就很難入口，雪花牛肉質及厚薄度都略嫌不足，沒有滿足這個價位，從制服、菜單設計、裝潢都和東方文化/店名吻合，食材的擺盤也很驚艷，從行銷及品牌理念來說店家著重在湯頭及視覺上呈現出的風格，但在飲品，醬料及菜盤上面則非常單調，著重每一項細節都到位的人來可能會蠻失望的，畢竟重口味的湯頭其實在市場上有很多其他的選擇，像是豬肚胡椒鍋、藥膳、咖哩、泰式、麻辣等等，如果湯頭要作為吸引客人的單一要素應該是有一點辛苦，可能要在菜盤，醬料及增加自助吧上再多下一點功夫，也許會更加的全面給二顆星，最後買單才知道有商業午餐，初次來訪已經告訴店員只想吃簡單輕食，店員卻完全沒有告知....但這不是店員的問題，應該是店家在員工訓練時不斷地告訴店員要推薦主要的套餐，其實如果對自己的餐點真正有自信，就連最便宜的肉及商業午餐都應該是要有一樣的餐點水準，這樣才會吸引到不同時段及不同的客群也才不會讓客戶觀感不好,Facebook：飛吃不可小鑑貨東雛菊網路佳評如海嘯，加上看到蟹黃湯底&和牛我整個凍美條！立馬放在口袋名單第一位！認真爬過評論，王美很少、吃貨很多，於是我超安心地踏上尋夢旅程(?)正是蟹黃蔥綠時(加價湯底)：說真的，大家推爆的這個湯底，我實在沒有預期...會這麼猛!!!!其實啊。湯底附的蟹兒並不是重點，重點真的是，J個湯，從頭到尾都好。好。喝！濃郁香甜、海味十足，湯甫喝入口就想唱：是誰住在深海的大鳳梨裡！而且越煮越濃實在好爽啊啊啊!!!巧克力和牛10oz(相機先食)：你們知道為什麼叫「巧克力和牛」嗎？因為...J個牛，是吃巧克力長大的!!!!這樣的富養，會讓牠們長出美麗的油花。吃起來算是適中款，雖然沒有我喜歡的那麼油，但是一樣極軟嫩！絕非一般火鍋店肉片可比擬。耐寒唯有東雛菊(加價湯底)：看名字就知道是東雛菊的招牌湯底。這品用了龍眼乾、蜜棗、枸杞營造甘甜，再以菊花帶出高雅清香~這鍋湯，看起來好像內斂的志玲姊姊...超有氣質。喝起來呢，真的也很內斂~剛開始幾乎喝不到什麼味道，但煮了菜之後，會變成結婚的志玲姐姐唷!(什麼意思)好舒服好舒服沒有負擔。絕對飽足(15oz)：友人點了小羔羊，居然來兩盤!!!!絕對，飽足。蟹黃湯底真的好好喝∼我推推推推爆！！台北市中正區汀州路三段127號11:30-15:00/17:30-22:00，週二公休#宜蘭美食#羅東美食#飛吃不可小鑑貨#東雛菊#東雛菊風味鍋物#台北火鍋#公館必吃#公館火鍋#蟹黃火鍋#螃蟹火鍋#和牛#巧克力和牛#和牛火鍋煩請順手追蹤我的IG>>eatordie.tw,還可以但CP值不高,"一個月前朋友去吃說不錯我就訂位,沒想到就是混亂的開始@@先訂6位,FB小編說OK已安排好,過沒多久店家打來說沒位置,兩邊資訊不同步,只好變8位,過幾天又打來說有十人取消要給我們10人桌(8人坐10個位置6+4兩桌)!***********好不容易坐定看完菜單,點餐叫不來(人手不夠),店員還打翻整壺烏梅汁潑到友人,之後說要招待蝦子或牛肉豬肉,我們選豬肉(因為我不吃要剝的蝦子XD),6人吃桌子太小,整個就是超擠的,11:30~13:30整間客滿,結帳發現$498的被折扣100元,原來是吃完有打折店員也沒說,只有門口海報有寫菜單上沒有,不然我就點""絕對飽足"",和牛巧克力配菊花鍋,菊花很特別,口味清淡,這餐$780是不錯吃,""相機先食""的肉品真的比較好,有比較有傷害,和牛超嫩只要涮5秒,店內也有WIFI,建議4人或5人去吃就好,旁邊客人點[祥鳳躍出東風破雙人餐]真的很浮誇,這間就是好拍照的餐廳,加入會員可集點^^",前二天到貴店用餐，沒加錢的湯頭真的很一般，”滿城盡帶蔬果園”一點味道都沒有跟水一樣，”紅油麻辣含香在”裡面就三塊豆腐二塊鴨血（豆腐吃起來的口感很奇怪），”泡椒半開酸豆勁”這是唯一裡面還可以的（還好有吃辣），我們有點一個有加錢的湯頭”正是蟹黃蔥綠時”上鍋時..服務生跟我們說拍完照要把螃蟹推下去要顧著（然後他說很快我們都沒聽清楚），最後只聽到...不然就不能吃了，不能吃？？不能吃？？是怎樣？？要倒掉嗎？？不用加錢的不好吃，加錢的又要一直顧著！吃的好累！主餐的部分”絕對飽足”，那個肉真的很一般，這個價位大不如吃石二鍋...“相機先食”點了一個”和后(巧克力和牛)”這個滿好吃的！但...肉真的是超級無敵小片餒！沒煮時大概就50元硬幣大小...煮熟..就剩10元的大小了...唉∼只能說要來吃的人最便宜的不要點，加錢的最好吃，沒加錢的真的不值得...
火鍋,火鍋,ChIJoQttyYqpQjQRrPcR8IE0dv0,鍋in百元風味火鍋,還不錯吃，就咖啡有點難喝,藥膳鍋可選，豪華海陸只是一般火鍋。,cp值高、聚餐好場所,一鍋一燒噱頭十足，但肉偏硬，料也不多,東西評價選擇多，值得一來再來
火鍋,火鍋,ChIJycu5coupQjQRl9dmANfpHuw,馬辣頂級麻辣鴛鴦火鍋,就。。。一個想吃麻辣鍋時的去處,為什麼只能用現金都什麼年代了？,地點方便，場地很大，吃的東西很多,麻辣湯頭不錯，食材也很新鮮,食材新鮮多樣，人員服務親切，讚
火鍋,火鍋,ChIJNWgFu9CpQjQR_h2HPTQDaNc,鼎豐鴛鴦麻辣火鍋,可以吃到好吃的食物、水果、冰淇淋服務人員不錯,第一次來，食材還不錯,很棒的用餐體驗，不愛吃吃到飽都愛上了,料實在給料大方，麻辣燙超入味,鍋可以選單鍋或鴛鴦（不同鍋種不加價），也有烤盤，推薦火烤兩吃不會後悔。菜色豐富，有豐富火鍋料、葉菜類、各種菇類、肉類、海鮮等等等，族繁不及備載。推烤蝦，如果有巧克力塔（下有鋁箔的）也可以烤到內芯融化，放涼後吃很好吃。甜點、水果也很豐富，種類豐富且都不錯吃。醬料跟飲料的選擇也很多，還有甜湯、白飯跟麵食（煮火鍋用）。冰淇淋有三種，其中莫凡彼的冰淇淋，個人超推巧克力口味，有巧克力碎片且不會太甜。服務生很親切，不時會來加湯，吃麻辣鍋也會關心辣度，很貼心。但是小辣到中辣是超跳級的辣度小辣會有點麻但還可以接受，中辣是如果有吃過鬼金棒拉麵的話，鬼增量辣度的部分。不知道之後會不會調整，希望之後有勇者嘗試。整體裝潢很中式、取料區人多可能會有點混雜，另排煙系統可能沒有特別設計，所以有時候煙會很大，烤油脂含量比較大的肉類、含水分較高的海鮮或者火鍋都容易有煙。非常推薦朋友、家庭聚餐！
火鍋,火鍋,ChIJp4DmtIqpQjQRMc1gEd_aAS4,新馬辣經典麻辣鍋-公館店,東西好吃新鮮，服務生態度親切，會再次光臨,【新馬辣經典麻辣鍋-公館店】吃到飽不就那樣?才不是勒!!!!!湯頭、肉質、價位、特色、甜品、環境都事決定一間火鍋吃到飽好壞的指標!!!(今天意外的很激動)湯頭:花雕雞很不錯，隨鍋附上的花雕雞也是很嫩，美賣!麻辣湯頭，味道很夠，也頗油就是了，回家之後脫了鞋子直接進廁所跟他們相見歡。肉質:hmmmm普通，但選擇很多就是了。特色:有雞佛雞蛋蛋欸哈哈哈哈，我以為我很喜歡，所以點了一份(兩顆)一上桌我嚇死，根本小巨蛋!好大顆!煮完之後雖然有縮水一些，但還是大的令人無法直視(男生看這段應該會夾緊屁股)一咬破裡面會爆漿出來，口感就軟軟的，沒什麼特別的味道，也沒腥味，是可以點一份吃吃看拉....海鮮:品項算多喔!而且都頗新鮮，個人很愛天使紅蝦還有草蝦，阿漿類的也不錯!漿漿漿漿~飲料:普通，但有啤酒我給個大拇指。阿對，他還有珍珠，可以自由搭配飲品使用，你要做啤酒珍珠我也不會有意見。甜品:冰淇淋種類很多，而且餅乾不會軟軟的。價位:週六日$725+10%結尾我留給坐在我前面的情侶檔，男生從頭到尾都在幫女生剝蝦，我覺得你被當工具人了。,好好吃喔下次還會再來,五個人只給一個鍋子略嫌小氣一樓座位區非常擁擠兩個四人座區並排再一起想出去其他人還得起身讓路當天服務人員態度略顯不耐煩給了點餐單卻不給筆問了直接丟在桌上用餐剩最後半小時加點還被提醒說時間快到了吃不完要多收錢之前在西門店服務人員還告知若店裡沒滿座可以不限時吃到飽這邊結束前十分鐘就急著收錢坐著聊天還被趕出去不會再來了,2020年10月份與同事聚餐，事先訂位是馬辣鍋的升級版，費用每人在7百多元新台幣，與馬辣鍋差價為100多元台幣。這地方位於台北市公館商圈(在汀洲路三段295號，附近較靠近的停車場為[自來水園區停車場]，40元/時，還有公館捷運、公車，交通算是方便的了。這地點開業寸土寸金的，1樓有廚房，不比地下室寬敞。裝潢格調從沙發的風格知道，較為復古，氣氛較多使用小的聚光燈，不顯明亮的環境用餐，但照明是足夠的。這家店餐點主推的是麻辣鍋，湯本身是鴛鴦鍋共鍋型態，清湯底與麻辣湯底。座位分配也是4人共鍋，魚蝦肉任點吃到飽，當然不能浪費食物。有草蝦、大隻玫瑰蝦、羊肉片、和牛肉片、魚塊、高麗菜、水蓮、菇類、丸類。飲料是咖啡、氣泡水、可爾必思。冰品有哈根達斯、莫凡比多種口味可以挑選。架上倒是沒注意到重要的水果和點心，也都沒看到有人在吃水果和點心。以價位來看其實中年人也沒多大力氣一直吃大量的魚、肉類，偶爾一次也是對腸胃有些壓力。用餐時間訂在2小時，算充裕了，服務態度也算客氣，因為沒太多交集，大概只顧著煮、吃、聊天就忙不玩了。總體而言一家吃到飽的火鍋店，能有爽爆口慾的，基本價格不會怎麼在意吧!這裡會歡迎大胃王隨時來挑戰。
火鍋,火鍋,ChIJnShfDYupQjQReJ7ZY2HhzOA,東吉水產超市火鍋-公館店,肉品不錯快閃吃到飽的海鮮很少,"之前和朋友去西門町店覺得滿好，所以今次來公館店一試，沒有想過在公館店那麼差！一價錢超貴，我們4個人每人叫了499(幾種牛肉及豬肉吃到+198(海鮮吃到飽)選擇特別湯底十30，結帳時是差不多3200!平均每人要800,但是食物質素比西門町店差，沒想到連最初喝的可樂也沒有汽。第一碟來的海鮮實在太少，我們總共4人最初來了3個，在碟上只有兩隻大蝦兩隻小蝦幾片魚肉兩隻章魚，之後我們叫他再來等了很久才給我們一個正常4人的份量，還服務態度一般，沒有幫我清理垃圾籃子，我們的湯沒有跟他說加點湯，他在自助桌上你自己加，但是在西門町店完全不同，不同服務生的態度很好經常幫我們清理垃圾藍子，又幫我們加湯，還在西門町店有的4人餐不會那麼貴，而且可在冰櫃內，任意選擇唔同火鍋材料配搭都沒有那麼貴，上次我們10個人平均每個人都是$600，整體各方面好CP值高，沒有想過在公館的那間分店各方面都不及西門店，而且還要多付出$200真是不推介。如果要食東吉火鍋一定去西門店",肉和料都物超所值服務也非常迅速非常好湯頭也很香,肉片新鮮但是不要害羞記得要跟他主動多叫肉片他才會上來唷,現在全部都變成吃到飽的形式食材新鮮度一般般湯頭也很普通才吃了不到1小時大概晚上快8:00吧店員突然走過來說要現在付錢結帳不太懂要這麼急著收讓我們在撥蝦、處理食材完要措手不及掏錢的原因是什麼？最後我們都還沒吃完要離開根本還沒到90分鐘時限店員又急著過來把桌上東西全收掉了明明沒有客人在等店內也冷冷清清沒幾桌不是嗎？令人觀感不佳，不會再來了
火鍋,火鍋,ChIJNd8zTBapQjQRpnuBM8A1Nm4,和牛涮樂日式涮涮鍋-公館店,經過好幾次終於終於來吃，想不到店面相當寬敞，而且用餐環境明亮，食材新鮮還有多種價位可以選擇，我們選599的和牛套餐，同桌同價位，牛舌可以吃到飽，和牛也好好吃，真的很棒，壽喜燒鍋特別好吃！之後還會想再來！,CP值超高，適合學生家庭聚餐！環境寬敞，自助開放櫃除了蔬菜火鍋料，居然還提供魚片、甜蝦、蛤礪、魷魚、鴿子蛋，真的超划算，大推！,399入門款就有魚蝦蛤蜊可以吃超飽，還有很多火鍋料跟青菜！推！！！,699就有雙和牛松阪豬跟草蝦紅蝦吃到飽CP值高超推,"開放櫃食材都很新鮮，價位選擇很多樣,CP直很高"
火鍋,火鍋,ChIJkVHJ1PWpQjQRuN_c0G1T8qQ,12MINI經典即享鍋-捷運公館店,服務態度良好，每位同仁都有愛笑的眼睛。,服務態度佳，湯頭濃郁夠味好吃，順口！很推薦,料多湯濃郁不用再沾醬最喜歡綠咖哩加泡麵,首先是另一半最愛吃的酸菜白肉鍋竟然沒了:(難過抱歉了星星最近新換了菜單，馬上來嘗試看看，當然必須要推一下，有紅茶跟乳酸飲料無限免費供應（標語：還不錯喝喔，你試試看啦！）。多了醬料，不過醬料的湯匙跟盒子的設計整體不太方便取用。功夫沙茶鍋新的加肉選項，+99元有宣稱超過10盎司我還不試試看。實際拿到後如圖，真的是一個肉山！很餓很餓的朋友不妨加點一碗白飯可以吃得很爽！不過我點的牛肉是偏向雪花的部分，所以吃多了其實會有點膩，要斟酌一下，然後可能是煮的有一點點久，因此油膩之外卻又有點硬。因為沒有酸菜白肉了於是嘗試一下鴨血臭臭鍋，推一下豆腐是有臭的∼∼鴨血有入味但偏淡，略勝大半滷味攤的等級，不愛過重鹹鴨血的可以嘗試。如圖旁邊有一碗肉其實是因為一開始店員忘記幫我們放肉了...不過說一聲之後也沒有為難，很有誠意很快地補上了，員工訓練還不錯吃了很多很多次了，有一個感想12mini的桌子好小！！！吧台區跟個人座的小圓桌，盤子放上去就差不多快滿了啊啊啊啊∼∼∼∼,服務態度真的超差的，櫃檯明明沒有客人，還一直被趕到店外等，而且店員口氣很不好，等很久才出來量體溫說可以進去，反而外帶的人可以直接進去等，連體溫都不用量，讓人無法理解是為了防疫還是做形式的。鍋內的鴨血竟然是餿的！鍋內的鴨血竟然是餿的！鍋內的鴨血竟然是餿的！因為覺得太扯所以要講三次，由於店員態度太差，都在跟客人比誰比較兇的樣子，當下就沒有去反應，結果回家狂拉肚子。飲料機出口的鐵片明顯裝錯邊，導致飲料無法順利壓出來，跟店員反應卻沒人會處理，扯到爆，這次的用餐體驗讓人真是大開眼界。更：如果口氣有這麼客氣的話，沒有理由會讓人這麼憤怒，當下根本不是這樣說，另飲料機一直到吃完餐也沒有解決問題。如果櫃檯是店經理，那更讓人確定貴店服務為什麼會出這麼大的問題，連現場是什麼狀況都理解失誤，如何解決問題！
火鍋,火鍋,ChIJV8k7QBGoQjQRqIO19mBwWNY,無鍋不樂,覺得吃起來比12miniCP值高很多白飯跟飲料無限續ww火鍋料也可以換成香菇∼————————更：麻辣鍋也很好吃，而且很香，吃得出湯頭有獨特的中藥香味，超讚更：不想吃芋頭可以跟老闆說，老闆會換成別的菜，現在每個月都至少來兩次，麻辣鍋真的超棒而且老闆人真的很耐斯XDD之前白飯沒了，免費幫我們煮王子麵QwQ，這個必須推,此間火鍋湯底貨真價實，麻辣跟藥燉都很推薦，可以選擇不要火鍋料，份量適中，唯一差別的是，端上桌都是整鍋煮好的，沒有爐具讓你慢慢煮、下料。,出很慢不適合多人用餐但不論湯還是料都是屌打其他200元內火鍋,很好吃又健康的小火鍋!缺點就是出餐真的太慢了...趕時間不要來吃,非常好吃！大推不要火鍋料的組合，吃起來很清爽，飯吃到飽也很友善！老闆讚啦∼
台式/小吃,水餃,ChIJH_rf5YqpQjQRdh858sDgK8M,玉米妹煎餃,老闆娘，臉有夠臭。問她問題，還說上面有寫字自己看。不知道是在跩小小小口味普普，下次不考慮了給一顆星還嫌違背良心,只多問了兩句老闆娘的態度就很不耐煩，東西不是很好吃，皮太厚了，下次不考慮了,我只是多拿了拿一包醬油，就被老闆罵到臭頭，吃了以後發現，麵皮的地方裡面還白白硬硬的，沒有全熟，整個被氣飽，以後不會再去買了！,皮很厚內餡也很飽滿，但是調味輸隔壁條古早味煎餃，我會去吃古早味！,一直是這間的忠實顧客，但昨天買的不只冷掉，7顆裡面就有1顆味道怪怪，吐出來發現中間肉紅紅的應該沒熟
台式/小吃,水餃,ChIJQWnpmYupQjQRbOovXFzE1CQ,鮮肉水餃,水餃好吃，不沾醬也有味道，燙青菜超大盤，大概是一般店家的三倍，,從小吃到大的好地方，老闆、老闆娘養大了許多醫生、台大學生，偶爾遇到體專生，叔叔阿姨還會先問給你們多些不是很完美的水餃，不用多收錢喔！超大心的,水餃內餡很好吃，但皮過厚，大魯麵的料是豆腐（很多）肉絲（很多）跟蛋花，CP值很高，很便宜實惠！,水餃很好吃，CP值很高,就是能夠吃得“粗飽”的小吃攤。老夫妻待客和善，道地的便宜大碗，生意也不錯。
台式/小吃,水餃,ChIJoVQ9-oqpQjQRuuracm_WZtw,陳師傅全麥手工水餃,吃不到了ＱＱ好想念青花翠餃,水餃的內餡沒有之前的這麼紮實，略帶以一絲油耗味，沒有難吃但不會特別的想再來光顧,不但不好吃賣又貴態度又差下次不會來了,在水源市場突然看到有賣牛肉麵想來品嚐看看結果牛肉麵麵普通牛肉很像牛肉乾湯頭還可以喝關鍵在於牛肉的問題很大,超好吃的不是蓋的遠從台中要來吃在水源市場裡面但好像搬家了耶
台式/小吃,水餃,ChIJUdix0o-pQjQRTNfqm-IQpFM,豪季水餃專賣店,酸辣鮮蝦湯餃，湯很少喝不到什麼，因為水餃超大顆超多超好吃！建議另外點湯！鮮蝦超讚,經濟實惠又美味的美食，樸實的店面，乘著讓你(妳)一口接一口的好味道,豬肉水餃平均一顆6元餡不多咬下去空空的感覺豬肉味很重,每次水餃店的湯總是酸辣湯，這的竹筍湯非常清爽好喝，蝦仁水餃好吃,很糟糕的店家，已經多次點豬肉水餃，卻吃到高麗菜水餃。之前反應過，店家解釋「豬肉賣完了所以給你高麗菜水餃」，以後會先告知但是今日點了豬肉水餃，竟然整盤都是高麗菜水餃，也沒有事先告知，價錢不同、口味不同，消費體驗很差。不推薦。
台式/小吃,水餃,ChIJe_MK3oupQjQRnzZoMhH5lqs,八方雲集(台大店),空間寬敞,還不錯,"鍋貼現點現煎超好吃,玉米濃湯大碗料多超好喝,避開用餐時間會是不錯的選擇,環境超級棒沒話說。",打電話訂餐到現場還等了半小時手上有刺青的女店員態度超級差！,重新裝潢的店面還算舒適，現煎的鍋貼脆，但蒜泥加的白醋有點太多。
台式/小吃,水餃,ChIJjde4khmpQjQR2RF_gS7wxDU,台大大滷麵水餃,食物便宜又大碗，在公館商圈很難看到這麼便宜的位子就在易牙居對面，要傍晚才會開始營業。小碗的湯麵類都只要50，而且不是只有麵跟幾根菜。菜每次都是頗豪邁的直接給你，滷肉也是肥瘦都有的滿滿給你,,
台式/小吃,水餃,ChIJxb2CKIypQjQReZRS5toPtic,楓苑食坊,豆腐水餃酸辣湯是一個高cp值的點餐，老闆和老闆娘服務態度超好,酸辣湯餃好吃，豆腐也入味,從小吃到大，一段時間沒吃就會懷念的好味道。一碗湯麵淋上特製的辣椒，再配上一塊滷得入味的豆腐，永遠吃不膩！,平價的小店，滷豆腐很推，沾特製的辣椒很讚,經濟實惠，只是很多人要早點來
台式/小吃,小吃,ChIJn-PI4IqpQjQR5UdxyijFBJs,蕭家傳統小吃,價格不便宜豬肝湯湯頭不鮮甜，豬肝難咀嚼腥味重不新鮮！雞肉飯普通...但不知為何一吃完回到家就胃痛............衛生得再加強.....,熱鬧充斥的店家，餐點選擇多樣化，味道也不錯，最喜愛的是小雞排飯，便當類的三樣配菜份量稍嫌太少些，室內座位區有些擁擠，戶外尚可，客人雖然多，但是上菜速度算快，整體算不錯的店家，服務人員有時候口氣不好些，但大部份是客人造成的問題，內用時觀察發現口氣不好都是可以體諒的，單純因為客人白痴造成；價位部份算CP值蠻高的^^,隔了十年之後回訪，口味仍舊普普通通，是學生時期解決宵夜的好去處，當中炸豆腐算是蕭家少數品質穩定又好吃的餐點了。,東西好吃但有點油~環境應該可以再加強，可以乾淨一點、舒適一點，畢竟生意非常好，應該回饋一下消費者。,飯麵湯小菜等種類很多，且都很好吃，份量也多，不知道吃什麼的時候總能在這找到想吃的。
台式/小吃,小吃,ChIJYfsXxYqpQjQRZPA4G0w3M0Y,公館小吃店,東西不錯吃,肉圓肉口感差，皮不Q甜不辣跟蚵仔煎難吃到吃不下淋的醬也無味醬是小吃店的靈魂一點靈魂都沒有……純粹在戲院旁肚子餓的人可以找到一處吃的點請在用心一點,三十年以上的老店味道沒變，用餐環境仍是路邊攤的水準,魚酥羹飯超好吃！！炒麵我也愛,魷魚羹飯還可以可是魷魚羹沒有明顯魷魚感
台式/小吃,小吃,ChIJ6ZdQkYupQjQRWrgEjcLMIH0,台南意麵※羊肉乾麵,燙青菜不錯，麵的口味還行，但羊肉是肉片而已，且份量不多。另外麻油麵線香氣不是很濃，同樣價位，不是太划算的選擇,"碰到地雷區有三位要大家移位置移了位桌子油膩膩的請老闆擦一下桌子竟回我蓋起來就看不到我還自己擦桌子心裡os吃的可以這麼不衛生?我點的是羊肉乾麵竟然來湯麵？說要從做給我我說那不用直接走人竟說我態度差？從我進去都沒有一個好態度這是服務業該有的嗎？餐點是你用錯不是我點的問題在哪？移位桌子不清餐點出錯沒吃一肚子氣出來這是前年去的時侯,之後再也沒踏進這家店一步",羊肉乾意麵很好吃，加了沙茶和蒜泥非常香，冬天會想再來吃吃看麻油羊肉！乾麵加滷蛋淋的肉燥是甜甜的台南口味∼燙地瓜葉也燙的剛剛好很嫩。在公館有這樣的小店覺得很划算,《PassionFoodLife》味道不錯，沒有太重的羊膻味。價格跟分量來說，cp值沒有非常高。有一點很加分，羊肉乾麵80元，還附了水果。,同一個餐點講了三遍老闆才確認有狗在裡面亂竄，環境極差冰裡面有螞蟻
台式/小吃,小吃,ChIJzVr3l4upQjQRHTNqYkEgR40,藍家割包,四神湯真的非常好喝,好吃到爆但老闆娘超兇,好吃好吃麵皮不黏牙肉的肥瘦比例剛剛好好吃超好吃,老闆態度很差，只求翻桌速度,環境乾淨動線簡潔割包和大腸麵線都非常美味
台式/小吃,小吃,ChIJpzBnmROpQjQRvWv0MnikG_U,胡饕米粉湯•黑白切(台大公館店)-銅板小吃學生美食便當外送(平價人氣必吃推薦),滷肉飯米粉湯都好吃服務好,App點餐真方便，餐點簡單又美味~,東西好吃，價格合理。,這豬毛也太大叢了吧...,好吃但價格不夠親民
台式/小吃,小吃,ChIJT0pZeoupQjQRwI-GLzd8anA,阿姨小吃,小吃簡單吃，口味不錯。服務親切。希望可以減10%鹽分。,鴨血鹹的入味、雞捲普通、海鮮麵湯頭不錯，料算多，,好cp質高的小吃店小菜好吃海陸麵有牡蠣蛤蜊蝦健康美味,滷肉飯只要20元湯頭，滷豆腐小菜好吃,簡單乾淨的小麵攤，價格實惠，味道份量適中。鴨血豆腐夠味，豬肝軟嫩好吃但偏鹹。
台式/小吃,小吃,ChIJ_fgu74qpQjQRup_fjb1ntWE,祥記號美食小吃,咖哩燴飯好吃！有時候人多要等,"有先打電話點餐接電話的阿姨態度實在頗差還沒點完就掛電話我不怪他忙嘛""""什錦湯米粉×米粉給的非常多湯頭喝起來偏淡然後多給我一條蛋白質(不要是小強都廣州炒飯×粒粒分明帶點微濕的飯蝦子是小蝦仁麻油肉片湯×喝起來不會有壓力~味道適中！肉有嫩有紮實有的有軟骨祥記對我來說味道都偏淡所以不是很喜歡只有麻油比較OK一些但部分肉片帶有軟骨我不愛♀如果照片跑不出來可以點↑↑上方我的頭像裡查看飲時參考：甜：以星巴克「焦糖瑪奇朵」來說，半份濃縮、糖正常鹹：蠻重鹹的辣：中口味斟酌參考",餐點除蝦仁炒飯以外其他都不錯，但店裡2位小姐的服務態度非常差（尤其是瘦的那位），也許生意太好不缺我們這些客人吧！,什錦米粉湯，什錦麵好吃，湯頭濃鬱，料多，CP值高。建議下午3點左右去吃不然要等很久。,鼓汁蚵仔燴飯懷抱著獵奇的心態點了這盤非網路推薦的燴飯，對我來說太鹹。
台式/小吃,小吃,ChIJ1bPhwYqpQjQR70q_ZNQB_0Y,泰風味小吃店,"本次點了泰式酸辣海鮮米線($100)和一份月亮蝦餅($110),他們家的米線我看起來跟吃起來感覺都像台灣的麵線啊...但口味很不錯,份量也很足,月亮蝦餅是比較厚的那一種,但吃起來皮有點較厚,不太像是用月亮蝦餅比較像金錢蝦餅(我以前問過一家店老闆月亮蝦餅和金錢蝦餅有什麼不同,老闆說月亮蝦餅是用潤餅皮做的,炸起來皮比較薄脆,金錢蝦餅是用麵粉皮做的,吃起來會比較硬...),本店不用服務費,週一到週五都有當日特餐會較便宜,算是CP值很高的小吃店2020.10.30本日和朋友再訪泰風味小吃店...又點了一次泰式酸辣海鮮米線..這次的米線就不是台灣麵線了...而是真正的米線囉",以異國料理來說，雙人套餐309可以吃到2主餐跟1湯算滿便宜，椒麻雞真的好好吃！泰式咖哩雞也不錯，這兩道都很下飯，酸辣海鮮湯不辣很酸，不合胃口。,雞雜飯就五塊碎肉也要賣那麼貴，別污辱泰奶好嗎？泰國籍同學覺得生氣！,烤雞肉本身和奶茶都不錯但身為一個學生我期待花100的晚餐是可以吃飽的可是這樣的餐點真的份量不多除了餐點份量其他沒問題,老婆學生時期的愛店。點了2人套餐，包含椒麻雞、涼拌木瓜絲、泰式咖啡雞+兩杯泰式奶茶跟白飯，還實惠的，味道也很不錯。
台式/小吃,小吃,ChIJw9DD6IqpQjQRsdFH1jKu9RA,越南小吃,湯頭清甜，為老闆每天新鮮現熬，真心值得一試。上菜速度空，符合學生的時間步調牆上有很多其它選擇而且感覺都很道地，一定會再來試！,生春捲好吃，用料紮實，蝦子、豬肉、米線、蔬菜等包得滿滿，沾醬及配料給得大方。涼拌炸春捲米線、涼拌高麗菜雞絲也不錯。生意很好，但老闆們手腳都很快，不用等太久。,我是越南人，在台灣留學，和其他同學們一樣找自己國家東西吃。水源市場正門走進，在電梯右邊就是。這裡的菜很好吃，和南越口味相同。推薦牛肉河粉每次來都點牛肉河粉。價錢85-90左右，而且餐點的口味和其他規模比較大的餐廳沒差。說真的，那些餐廳吃的太貴了。（小提醒：座位空間不太大，適合一個兩個人去）,炸春捲好吃，下次吃吃看別的,吃到指甲^_^店家態度超差喔完全沒道歉拜託大家不要吃
台式/小吃,小吃,ChIJ0Svl4YqpQjQRXuxuaWVpUHE,佳興福州魚丸店,吃完覺得好渴，魚丸湯來的時候是溫的（但魚丸不錯吃）湯可以續加。乾麵的紅蔥頭有點加太多，魚皮羹還可以蠻Q的，辣椒不夠辣加味用的,魷魚內的魷魚。無良店家！收到店家回應，事實就是如此，這麼一丁點大的魷魚還能理直氣壯回應客人，難怪評價只能在在3左右！我無所謂，以後不去吃就好，只能說店家把自己做小。,品名：魚丸麵評價：桌上有個很特別的小菜座位偏少桌子有點油膩價格：70回購：魚丸多皮還是蠻特別的Q的！湯可以再繼續加生意不錯,魚皮羹90元很貴，但是看網路還蠻多人推薦的，想說也特別就點了。魚皮很q，但湯的味素真的放的太重，吃完嘴巴好渴。乾麵40元超油、超鹹，是沒有辦法吃完的程度的油跟鹹！就算沒吃飽也有剩，難得我會把餐點沒吃完的！！真的難吃，不喜歡打人家1分。除非是服務態度不好或者是衛生極不好才會打1星。否則以美味及價格而言，是一星。,久久吃一次的好味道但整體來說偏油∼對清淡者來說可能要斟酌一下還有附醃製泡菜可解膩
台式/小吃,小吃,ChIJZwBEwoqpQjQR03u0Qvnj9zg,劉記古早味蔥蛋餅蜜地瓜,comfortfood台北前五大愛.製作蛋餅過程也很療癒我恨排隊，但這是我很甘心排隊的一樣食物，尤其在冬天吃剛起鍋的濕軟蛋餅，有點暖心，又有點思鄉之情,喜歡酥脆口感的人真的往前走幾步吃雄記吧！雖然排隊人潮很多，聞起來充滿蔥香，價格也便宜，但是吃起來是軟爛的麵糊口感，餅本身沒什麼味道要醬料調味，但醬加下去以後吃起來又更糊啊．．．．,是傳統的粉漿蛋餅，加一點甜辣醬和辣椒醬，相當好吃!!而且一份30，是半張的量，cp值很高，食量蠻小的我，吃這個一份就吃飽了。,CP值高吃飽飽現點現做常常要排隊麵糊蔥蛋餅厚實好吃必加蒜味油膏以及辣醬不切看起來更大塊而且屑屑不浪費介意夜市小吃衛生環境可能要三思……,每次必買二份，一份加蒜泥漿，一份加甜辣醬，超好吃，老闆娘親切熱情。
台式/小吃,小吃,ChIJuQYlDIupQjQRTePyZpJvZ_U,珍記豬血糕,來公館必定要來上一支豬血糕，目前公館商圈唯一好吃的豬血糕大概就剩珍記了，老闆都會先問要不要辣、加香菜之類的，甜不辣也不錯，點了馬上現吃風味最佳！,東西是不錯吃，以前來的時候態度也都很好，買粽子想加花生粉都可以，不知道是不是現在生意太好，這次想加就被回覆：我們粽子都沒有再加花生粉的喔！態度也不是很友善，以後可能不會再來買了。,25元，沒有很大支，但還不錯吃！,今天去買個豬血糕跟甜不辣明明跟老闆說不要辣不要香菜老闆也跟我复頌了一遍結果我看到老板加了辣我趕緊跟老闆講沒想到老闆脾氣很大把做好的東西用力丟在桌上說我沒講唉自已明明跟我念了一遍老闆脾氣還真大,好吃香味夠，加點辣更美味
台式/小吃,小吃,ChIJRVYUoYupQjQRjjrI_CDS0SQ,香港泉記小吃館,空間設計：座位不多，很容易就擠滿了人看評論表示環境衛生不是很好，不過本日用餐沒有發現小強出沒本次餐點：以主菜單點的方式1干炒牛河價位：90元推薦：可介紹：吃起來很像粄條，不過味道是淡的也就是說調味沒有完全融入在河粉裡面，倒是牛肉調味較重，於是都採取一片牛肉配一口粄條食用，對了，牛肉給的很大方服務品質：直接跟老闆娘點餐就可以了，餐後結帳附近交通：位在公館商圈的後方小巷上，距捷運公館站路程約5分鐘,滑蛋牛肉粥中規中矩不錯,滑蛋牛好吃份量足！粥跟麵也好吃。辣椒醬有辣。覺得餐鹹度不夠的桌上有醬油可以斟酌加。,在公館上班4年了，這家真的是愛店，牛肉多切的也很大片，重點口味超棒，今天都點豬肝湯有種相見恨晚的感覺，價錢也很實在，老闆夫妻都是香港人口味很到底，老闆娘有時候忙臉臭，但是人很好喔,吃過兩次，炒飯普通沒什麼味道，什錦炒麵好吃，另外看評論說環境有蟑螂居然有人覺得正常？不管是夜市還是餐廳，衛生都是需要注意的吧！如果真的自己吃到蟑螂，還能用這只是夜市來說服自己嗎？提出來希望給店家改善有什麼不好嗎？
台式/小吃,小吃,ChIJLWeCx4qpQjQRTJ-ObcN700g,小李豬血糕,一隻僅25元，價格便宜，東西實在，物超所值。,學生時就偶爾會來吃，其實從來也沒覺得這家的豬血糕有特別好吃，但偶爾還是會懷念，就是吃回憶的吧。,從兒時吃到現在也忘了過去豬血糕比現在大了多少只知道25元的售價算是良心經營味道不會太甜，豬血糕不會蒸太爛或沒透一切都是恰到好處的平衡、好入喉。也許他不是山珍海味但哥吃的不是奢華，而是無法估價的回憶。,△上次經過買來吃，發現味道變了，豬血糕也沒蒸透(硬硬的)，剛爬文才知道已經換人經營了。。。希望新接手的店家能夠用心研究，再現美味。,從小吃到大的豬血糕店。真的好吃。也希望國外的觀光客可以吃吃。沒有怪味，只有單純好吃的味道。
台式/小吃,小吃,ChIJ5zYUBYupQjQRcfnnGtSorNs,得記麻辣脆皮臭豆腐,鍋太鹹臭豆腐硬普普,吃了20幾年，此生最愛的最愛的臭豆腐鴨血！沒有之一。不管天氣冷熱只要有機會都會來吃，晚上11:30打烊前也衝來外帶（笑）自己從國小吃到高中到出社會到嫁到外地、從帶男友來吃到身分變老公，從單身吃到生三胎之後如今連八歲的長子也都跟著吃。從完全不敢吃辣到現在點中辣程度，也算是種進步,很多年前經朋友介紹知道這家店，在捷運公館站附近巷子裡，離住的地方遠，我們一行還是專程搭捷運來吃，幾年過去了價格漲了！港式臭豆腐可以再酥脆點，泡菜一般般，一份五塊60元，麻辣的辣度挺夠，豆腐也都有入味，是好吃的麻辣豆腐，星期日的午後生意一樣好的不得了，我點的麻辣大腸豆腐，有兩塊豆腐和一點大腸頭，覺得這份量是偏貴的，隔壁的鴉片粉圓應該是同店家，一小碗50元，很容易順便點一碗來吃，料還算多，但甜度不夠，像喝冰水，下次經過附近還是會去買麻辣豆腐,炸臭豆腐有脆，以名店的角度來看也就是及格而已，而且用的是基改豆腐，但店家有誠實公告算不錯，鴨血腸旺的鴨血只有大概10塊而且大小偏小，腸子切很薄只有5片左右，有評論說湯頭有中藥味，我是一點也喝不出來，而且味道只有辣而沒有麻，不會再回訪。,還不錯吃∼
台式/小吃,小吃,ChIJD5QDLh6qQjQRTebziM2ASrk,NO68小吃館,null
台式/小吃,炒飯,ChIJ4_gu74qpQjQRSEOje3P3-mE,水源食坊-不一樣炒飯,空間設計：位在水源市場裡頭，小巷入口一進去就看得到，也因此如同各室內市場一樣，是在攤販前面擺幾張桌子給客人食用，適合給不介意人來人往、不特別介意環境衛生、又想吃粗飽的人前往本次餐點：以主菜單點的方式1麻油雞炒飯價位：85元推薦：推介紹：雞丁的部分外皮是脆的（不知是否有先炸過？），雞肉不油也不乾柴最喜歡飯的部分，粒粒分明，尤其裡頭的高麗菜絲簡直畫龍點睛，增加了清爽度和咬勁，不會有吃膩的感覺服務品質：餐後付款，老闆採信任制讓我直接把錢放桌上，非常有人情味的地方此外，因為老闆是一份一份炒，所以會需要等待時間（當然炒飯不會等太久），如果想快取可先詢問附近交通：位在水源市場裡，距捷運公館站路程約不到5分鐘,躲在水源市場里的炒飯炒飯口味多樣化，很多神奇的搭配在這裡都能看到比如麻辣、沙爹、避風塘、羊肉、臭豆腐等等炒飯的幾個跟其他家比起來會貴一點，最便宜的蛋炒飯70，其他的都80-95不等，但是真的蠻好吃的，所有推薦。有時等的人比較長，也可以先問老闆什麼比較快，因為如果同口味的，老闆可以跟前面的人的一起炒。,炒飯口味很多種，不會油油的，高麗菜絲長條狀很有口感，雞丁肉非常大塊，十分推薦,口味真的很不一樣，份量又相當多，期待下次再去吃不同口味的炒飯！內用都是不鏽鋼餐具，令人安心。和鄰近的甜品攤有優惠合作，可惜一個炒飯就吃很飽了，這次沒加點，下次一定要餓著肚子去大吃特吃一番。老闆很準時開店，開店前、備料時也會拉上布幕遮著，沒仔細看就會錯過了，要睜大眼睛喔！,有許多特色炒飯，都很好吃！老闆也很親切！
台式/小吃,炒飯,ChIJ3dDD6IqpQjQRucuudqWtJoM,狠台台式炒飯炒麵,1.酸豆蔬菜炒飯：配料有酸豆、蛋、高麗菜與少量洋蔥、青蔥，酸豆脆，酸度適中，與其他配料配炒飯一起吃很合味，酸豆與蔬菜有一定的份量，不會太少。炒飯清爽，不過油不過鹹，米飯軟Q口感不錯，蛋香味若能炒出來，味道會更好。整份炒飯約二碗半的份量，一般男士吃完約八分飽。價格合理。2.內用共有二張長鐵皮桌6個座位，但桌面小，椅子間隔小，桌上又放置菜單、筷子盒、面紙盒，稍擁擠。隔壁大山東晚上未營業，桌椅常被內用顧客借用，可另容納12人用餐。3.可使用手機付款(台灣Pay)。,份量十足，味道很好，可惜沒外送，常常需要抽空過去吃！記得要加跟老闆娘一樣辣的辣醬喔！,炒飯炒的跟白飯一樣全白的還敢賣連顏色都沒有騙都不騙了白飯加味島香鬆都比你家炒飯好吃,飯粒粒分明口感佳，蛋香有到位而不油膩屬於好吃又清爽的炒飯,大份量台式炒飯、炒麵、雪裡紅炒飯、鹹蛋炒飯、炒牛河..等，上班族、學生族的最愛。
台式/小吃,炒飯,ChIJjRUEDg-pQjQRsOnRPfyaji4,油夠飯濺炒飯店,炸豆腐、黃金泡菜好吃，排骨湯好喝，但最重要的炒飯就比較普通了，希望在口味上可以再精進一些，價格微高。,三杯雞粒，米粒大的雞肉炒飯還可以賣90，比我買50塊的肉絲炒飯還坑...,很特別的一間店，專門賣炒飯，有想到以前去陽明山的文化大學附近路過類似的炒飯專賣店，雖然這間在今年初才顯示於地圖上，但老闆娘說，去年八月就開了喔！是從旁邊的易牙居分開的，讓人可以享受平民美食的好地方，而且品質保證差不多！,炒飯很好吃，雖然裝潢不吸引人，但料理味道驚人，激推！,果然是炒飯專門店，第一次吃就驚艷到，之後會很常來了！
台式/小吃,炒飯,ChIJ_fgu74qpQjQRSOvT-G7mkdI,龍記炒燴,干炒蝦仁河粉×重口味的我來說這道干蝦河味道並不太重！調味的很剛好蝦子算大顆有九顆雖然還是有部分的河粉沒有mix到醬汁乾燒雞柳燴飯×♀我不知道它有加香菇所以不太評論這道(我是麵食主義者)•有問過店家每個燴飯加的蔬菜不一樣如果像我一樣不吃香菇請pass這道麻油豬肝湯×這厲害了！麻油味夠重不曉得豬肝是否有先炒過吃起來帶點焦香味魚片湯×給料也是不手軟整體上我蠻喜歡雖然我媽每次都買隔壁祥記內用記得先點餐若有排隊店家會安排座位如果照片跑不出來可以點↑↑上方我的頭像裡查看飲時參考：甜：以星巴克「焦糖瑪奇朵」來說，半份濃縮、糖正常鹹：蠻重鹹的辣：中口味斟酌參考,午後2點，有些飢腸轆轆，點了三鮮蛋炒飯，店家採用瓷製碗盤與不鏽鋼筷及湯匙，看得出用心。冒著白煙，入口有鑊氣，色香味俱全的倒扣式炒飯，一上桌香味撲鼻，不覺驚為天人，用料紮實，不小的蝦仁、花枝片、魚片分佈，美味可口。另外點了蚵仔湯，肥美的蚵仔，九層塔提味，鮮美無比，份量亦足。我猜，這優質店家早晚在必比登名單會出現。,滑蛋牛肉燴飯是港式的做法，少見但是很好吃，推薦沒試過顧客一定要嚐嚐看，點過幾道燴飯類都很有水準，炒青菜加上蒜炒得很入味，用餐時間人潮洶湧要有排隊的心理準備，位置很少且擁擠是美中不足的地方,想吃要有耐心等老闆煮，但久久沒等到還是問一下，豬肝湯好喝，飯不錯，喜歡辣可以告知店家要辣，生辣椒好吃。,生意很好，點菜的人員也很客氣。想吃要花些時間等，因為老板都是現點現炒。炒飯的鍋氣很香!!!
台式/小吃,炒飯,ChIJRVYUoYupQjQRjjrI_CDS0SQ,香港泉記小吃館,空間設計：座位不多，很容易就擠滿了人看評論表示環境衛生不是很好，不過本日用餐沒有發現小強出沒本次餐點：以主菜單點的方式1干炒牛河價位：90元推薦：可介紹：吃起來很像粄條，不過味道是淡的也就是說調味沒有完全融入在河粉裡面，倒是牛肉調味較重，於是都採取一片牛肉配一口粄條食用，對了，牛肉給的很大方服務品質：直接跟老闆娘點餐就可以了，餐後結帳附近交通：位在公館商圈的後方小巷上，距捷運公館站路程約5分鐘,滑蛋牛肉粥中規中矩不錯,滑蛋牛好吃份量足！粥跟麵也好吃。辣椒醬有辣。覺得餐鹹度不夠的桌上有醬油可以斟酌加。,在公館上班4年了，這家真的是愛店，牛肉多切的也很大片，重點口味超棒，今天都點豬肝湯有種相見恨晚的感覺，價錢也很實在，老闆夫妻都是香港人口味很到底，老闆娘有時候忙臉臭，但是人很好喔,吃過兩次，炒飯普通沒什麼味道，什錦炒麵好吃，另外看評論說環境有蟑螂居然有人覺得正常？不管是夜市還是餐廳，衛生都是需要注意的吧！如果真的自己吃到蟑螂，還能用這只是夜市來說服自己嗎？提出來希望給店家改善有什麼不好嗎？
台式/小吃,炒飯,ChIJ_fgu74qpQjQRup_fjb1ntWE,祥記號美食小吃,咖哩燴飯好吃！有時候人多要等,"有先打電話點餐接電話的阿姨態度實在頗差還沒點完就掛電話我不怪他忙嘛""""什錦湯米粉×米粉給的非常多湯頭喝起來偏淡然後多給我一條蛋白質(不要是小強都廣州炒飯×粒粒分明帶點微濕的飯蝦子是小蝦仁麻油肉片湯×喝起來不會有壓力~味道適中！肉有嫩有紮實有的有軟骨祥記對我來說味道都偏淡所以不是很喜歡只有麻油比較OK一些但部分肉片帶有軟骨我不愛♀如果照片跑不出來可以點↑↑上方我的頭像裡查看飲時參考：甜：以星巴克「焦糖瑪奇朵」來說，半份濃縮、糖正常鹹：蠻重鹹的辣：中口味斟酌參考",餐點除蝦仁炒飯以外其他都不錯，但店裡2位小姐的服務態度非常差（尤其是瘦的那位），也許生意太好不缺我們這些客人吧！,什錦米粉湯，什錦麵好吃，湯頭濃鬱，料多，CP值高。建議下午3點左右去吃不然要等很久。,鼓汁蚵仔燴飯懷抱著獵奇的心態點了這盤非網路推薦的燴飯，對我來說太鹹。
台式/小吃,炒飯,ChIJySfUe4ypQjQRgoVeUgYjZrI,香鄉麵食館,滷味便宜！,店家標榜沒放味素。炒飯感覺比較清淡。香菇雞湯是整隻雞腿，滿少見的。,食物好吃，價格優惠，老闆親切，第一次來不知道小菜怎麼點老闆很和緩的指示我該怎麼做。,香菇雞湯麵好喝！口味清爽但很有味道，沒有味精可以這樣很厲害，有時候肚子不舒服吃一碗很療癒而且他是整只雞腿，很嫩非常好吃！,路過的小店，價格經濟實惠肉絲蛋炒飯，能填飽肚子，就是少了美味。
台式/小吃,炒飯,ChIJ2y44g4upQjQRUyE9HmNk1ZY,香港亨記(公館店),東西好吃，價格平實，但是每日例湯可以多換一換嗎？（以前的評論）改名字後，我們再去吃了2次，我只能說越改越糟...,第一次來吃，很驚艷每樣都好吃！黃金蝦炒飯調味很特別，跟一般外面吃的炒飯不一樣，菠蘿油外皮酥脆，還有老闆推薦的沙嗲串燒也勝過很多居酒屋，烤得剛剛好，味道也很好吃！老闆很親切和店員也不錯，推！,根本不是港式！價錢其實不貴，但看到菜上桌的時候，就馬上覺得這也太坑了吧！真的不推薦！,點了一份豬骨皮蛋瘦肉粥外帶回家吃。口味還不錯，但吃到骨頭時，感覺油膩膩的有股騷味。另幫我兒子帶了一份臘肉炒飯，他第一口吃下去就吐出來，我嚐了一口，天啊！簡直是回鍋油炒的，不…像地溝油炒的，根本不能吃，只好整盒給當廚餘扔棄了，這家店，我們絕對不會再訂購了！,東西好吃，服務親切，有茶餐廳的感覺。會想再訪的店家。
日式料理,日式料理,ChIJow645DKpQjQR7WPDEWVFqco,心KOKORO食堂/台北日式料理/公館美食/公館小吃/公館餐廳/公館日式料理/公館壽司,點了綜合鮭魚丼飯及六貫握壽司，丼飯份量多，男生也能吃飽，內容物豐富，而且價格算便宜實惠。再來是扣一顆星的小缺點，出餐速度真的稍久，六貫其中的竹莢魚有腥味。整體還算不錯，瑕不掩瑜，cp值算高，還會再訪的店。,已經成為我的每月必吃啦！真的太好吃了擺盤也好細心但建議時間很充裕再去吃店面很小店員只有兩個人所以排隊加上等餐快一個小時也是有可能的喔（不過真的很值得！,服務人員很好，可惜個人偏好的蛤蜊湯不是很滿足，丼飯擺盤漂亮，如果魚的味道再鮮美就更好了。,非常的好吃新鮮店裡雖然只能做10個人但師傅很專心的做著料理店家也不會急著接客人而失去食物的美味雖然出餐慢但很值得等待滿滿豐富的料理每一口都是享受,焦糖鮭魚丼，吃完有幸福感！而且不只鮭魚啊∼∼其他海鮮也給你了！打卡的燻鮭魚手卷也是紮實的，令人開心。真的是被忽略的小店，但又希望不要太多人知道。之後會想回訪嘗試不同品項。
日式料理,日式料理,ChIJfYm9wYupQjQR0EZq7Pq77n8,平山家日式料理,"4人聚聚，群組有人推薦，在3樓神祕的地方，這間冷氣超級冷，人都還沒到齊店員就問要不要點餐?朋友才剛到菜單都還沒看店員又來問要不要點餐==壓迫感很重....不知在急啥@@一進門桌上就兩盤小菜(去問才知是招待的)，生魚片$380+$38，味道普普，沒說很好吃，就是家庭料理，套餐有沙拉.蒸蛋.白飯,湯,可以吃很飽!最後有紅豆湯是不錯，生魚片我覺得朝鑫比較好吃^^PS:可刷卡，店員聽口音好像不是台灣人~~~",家庭式的日式餐廳，生魚片還算新鮮，餐前有招待兩道小菜，餐後有紅豆湯當飯後甜點。,又貴又難吃1.綜合生魚片七片3802.燒肉定食280（豬肉片炒洋蔥而已，煮的比我媽媽煮的還難吃）3.一小杯可能100ml都不到的可樂要304.冷麵定食就是一般超市都買的到的冷凍烏龍麵280完完全全的不好吃…超雷我很意外網路上評價竟然是還不錯！？,料理一級棒，老闆娘也很親切,部分台大老師還有教授會來用餐老闆娘很親切
日式料理,日式料理,ChIJ1_cMg4upQjQRNORaeNLcO_8,赤神日式豬排公館店,口味不錯，依份量來說稍貴。,好吃日式豬排店,腰內豬排口感很好，酥軟好吃黑豚里肌更富油脂及香氣，皮肉一有點分離，表現較為一般豬排沾芥末比起芝麻和豬排醬的組合來得更帶感開頭會給三樣開胃小菜，口味適當提供高麗菜絲、白飯、味噌湯及芝麻醬、柚子醬//高麗菜、白飯可無限續服務品質佳#炸豬排$250∼410+30∼210+10%,"近期吃過最讚的炸豬排店！會有一些不能續的小菜，高麗菜絲是可以續的沾醬的部分不管是豬排醬還是柚子醬還是胡麻醬都很棒，調配的剛剛好不會太鹹或太膩炸豬排的麵包粉很棒，肉質也很好吃白飯,特色飯跟味噌湯也都可以續味噌湯的料很豐富飲料跟甜點也都有在水準之上價位也很合理是會想一直來的店！大推",味道還可以
日式料理,日式料理,ChIJm9Pm4oqpQjQRDV5mvDLTn_k,幸好沒錯過你MasterK.公館-排隊巷弄美食隱藏日式料理(人氣必吃),推牛汁醬蛋包飯，好吃,做蛋包飯的居然蛋不新鮮,紅心蛋包飯好吃,炸雞很脆,我這次點的是「紅心蛋包飯」吃完後的感想是我覺得我點的不是蛋包飯而是番茄醬飯是番茄醬飯，蛋上面又淋了一坨番茄醬吃到最後老實說會很膩不過蛋很紮實，是好吃的！現在去還可以免費加大ㄛ！！！！
日式料理,日式料理,ChIJ0z6TUYmpQjQR4H4LvJsT1I4,蓮花日式料理(台大店),null
日式料理,日式料理,ChIJJQBpS_WpQjQR1QUnsPcIhwY,狗一下居酒食堂-公館店,店員很親切∼東西都很美味,"啤酒味道真的不一樣,好喝,下酒菜好吃,一定會再來",好好吃！會再回訪的好店,毛毛蟲壽司好好吃，啤酒好吃,燈光好氣氛佳喝酒聚餐好地方
日式料理,日式料理,ChIJkemjkoupQjQR0-1kiS9Pu-g,GINDACO築地(台灣公館店),null
日式料理,日式料理,ChIJvVwtAIypQjQR9zeQpfeQjUg,小原田公館店,日式風格，價錢合理，上菜快速,去店面吃過一次，覺得還不錯，今天在家裡叫了外送，綜合生魚片七片，超級不新鮮，我家離店只有400公尺，這麼短的距離，我不相信外送平台有什麼問題啦。只想問兩個問題：生魚片做好之後在室溫下是不是擺了很久？還是生魚片本身是不是就不新鮮？旗魚根本就壞掉了，軟軟爛爛一點纖維都沒有，到底什麼鬼，一整口腥臭爛肉，氣爆，是怎樣，我是蛆嗎？？還是蟑螂嗎？？只能吃這種垃圾嗎？？鮭魚跟鮪魚也都超不新鮮，你們是去水溝抓魚嗎？吃完沒多久馬上拉肚子，速度之快，看著$210在馬桶裡載浮載沉真的滿肚肚爛，誠心建議你們轉行當魔術師，表演怎麼把錢變大便==寫那麼多結論兩字：垃圾。,平價CP值高。,花枝握壽司好吃,一訪：角落位置的地板滲出不少水，導致包包和外套濕了一大片，但食物還不錯。二訪：假日用餐限時90分鐘，但沒人排隊的話不會趕人。
日式料理,日式料理,ChIJi61r0NipQjQRk-o8hSk5oG8,丼壽司,很不錯的店。,我是在10/10晚上去消費的，真心稱讚當日的服務員，是個身材稍為圓潤可愛的短髮大姐！態度輕切，談吐活潑又真誠，給人信任感∼當日推薦的餐點真的都很好吃！我跟男友，還有朋友都很滿意被這樣的姐姐服務到，忍不住都想多點幾樣！當日餐點，推薦給沒吃過的網友：1.炙燒鮭魚肚手卷（就是好吃，沒話說，但鮭魚肚會油一點點個人是覺得很香）2.鹽烤雞肉串（薄皮外脆內軟，有檸檬跟椒鹽）3.毛毛蟲壽司（炙燒鮭魚+炸蝦+玉子燒的神仙組合）4.牛丼飯（我忘記全名但這個牛肉片真的香！）5.蒜頭蛤蜊湯（蛤蜊算大顆的！！一般外面都很小）總之，可以再回訪的一間店希望店家繼續保持或更進步！,用餐空間舒適，服務人員友善，有自助式熱茶不用服務費，只收現金丼類+60享有手捲或茶碗蒸二選一及味噌湯牛丼(120)肉、菜、飯的份量都算多，調味不錯毛毛蟲壽司(5顆220)飯量偏多，必須分兩口才能吃完一顆，會讓配料的味道不那麼突出。特別之處在於中間有加起士塊，在別間日式料理沒吃過這種味道的毛毛蟲壽司,偶然經過這間店，服務態度很好，但是鮭魚貓飯到鮭魚和豬排丼飯的豬排都有點太乾，以150來說沒有很喜歡(ε),價格不錯，生魚片丼飯、熟食丼飯、手捲跟烤雞肉串都很好吃店員們招呼很熱情，環境乾淨唯一料想不到的是烤味噌魚原來就是用油魚讓我兩天後報銷1件褲子跟椅子上洗不掉的味道希望店家能註明清楚如果知道是油魚我就不會點了
韓式料理,韓式料理,ChIJVVVVVRWsQjQRmPdlBQr3qys,小飯館兒,翻桌快，小菜多，麥茶好喝,很適合聚餐價格跟份量都很不錯！,物美價廉，小菜吃到飽,分量算蠻多的CP值很高推薦!,泡菜真好吃!!還可以無限續，太猛了！
韓式料理,韓式料理,ChIJT2ATg4upQjQRsuHtuX_giws,韓江館銅盤烤肉,四個人用餐，結果給我們做八人桌。原本想說其實可以不用但就算了，結果煮一煮發現肉怎麼都不會熟，別桌比我們晚來，整鍋都在冒煙了，我們的肉還是生的。一問才知道，店員說，我們這一桌的瓦斯本來就比較小，像那一桌就比較大。真的不要這種服務欸。八人桌就給八個人坐，我們四個人坐八人桌，等半天肉都不熟，這樣吃到飽的意義在？,這是第一次去吃，但也是最後一次，要不是最少是一顆星，一顆都不想給，這也是我第一次發負評文，因為真是太生氣了！起因是我們3人進去的時候，服務員安排我們坐8人桌的位置，因為我女兒吃了感冒藥想睡有點歡，所以拿了隔壁桌上的免洗筷，但我女兒只是拿起來，我就已經制止她並且放在桌上，可是那個女性服務員居然很生氣的過來一直瞪著我女兒看，嚇得我女兒一直抱著我，都不敢動也不太敢吃東西，那個女服務生瞪了一會就很用力的把筷子放回去位置，我們結帳時，女服務生還對我們說，小孩要教，不能讓她這麼愛玩，拜託大嬸，您眼睛有問題嗎？沒有看到我制止女兒了嗎？而且小孩愛玩有錯嗎？她只是拿筷子，沒拆也沒弄壞，也沒有弄髒您的店，而且我都沒怪您嚇到我女兒，不知您有沒有小孩，但您不知道小孩嚇到會有陰影嗎？您還來說什麼五四三，也許是當媽玻璃心，但您做的也太過分了，一直瞪是什麼意思？！這樣的態度，真的不敢恭維！！勸勸想去的人，負評一定是有理由的！！,味道不錯，小菜煎餅年糕冰淇淋等等吃到飽，肉跟菜跟海鮮纇也自己夾限時1.5小時，價格偏高，服務態度有待加強,好久以前就想光顧的店今天晚上果然讓我驚豔肉質好吃不死鹹花枝尤其一絕蝦子蛤蜊青菜都好新鮮值得試試,服務態度不佳，用餐時間還沒到就一直趕人收碗筷，問個問題語助詞一大堆，這樣還敢收服務費實在令人佩服
韓式料理,韓式料理,ChIJQ58t3IqpQjQRpGtxc8kfAAM,首爾之星KoreanFoodExpress,應該不會再來第二次，我們人多，所以坐比較裡面的位子，不太明亮。環境就還好沒有特別乾淨或髒亂，白飯飲料無限供應，但飲料都沒氣...最後喝蘋果汁。餐點部分除了鍋物跟石鍋拌飯之外，我忘了自己點的餐點是什麼，但是要自己動手炒的，炒的很累XD不收服務費。大概就這樣沒什麼好介紹的,地點位於公館夜市內，停車不是很方便，騎車來機車位也不多，可以的話搭大眾運輸工具比較方便，喜歡吃韓國料理的客人這家店提供各項韓國的料理，服務人員的態度也很熱情親切，值得推薦來逛公館夜市的朋友們來品嚐看看。,服務人員只有帶你到坐位完全不會介紹第一次去的客人完全不會點餐也沒人可以問去櫃檯點餐櫃檯人員也在狀況外真的感覺很差,飯/飲料吃到飽，一鍋火鍋168元，其他加料另加價錢，服務還不錯，個人覺得可以來吃，食物賣相也很好,可能是發現最近Poke很夯，他們改了招牌，目前同時賣生魚飯和韓國銅盤烤肉。非常不推薦Poke，菜感覺放了很久，吃起來有種不太舒服的味道，蛋白質的份量也很少，詢問店員份量店員說不出來，實際拿到餐後目測大概只有35-45克。總之就是個吃完差點想去隔壁再怒點一碗壓壓驚的狀態。
韓式料理,韓式料理,ChIJB5Ima4mpQjQRB3RV3z1H820,韓庭州韓國料理,點了蛤蜊豆腐鍋結果沙沒土乾淨也有沒開的，湯頭不錯但是整嘴都是沙的口感很差。海鮮煎餅普通，醬料部分不是喜歡的口味，小菜、烤肉味道不錯，整體而言cp值滿高的。,想吃韓式小菜時，就會來這裡吃。今天不餓，只點了一個韓式海鮮煎餅$190，不鹹，表皮有一點酥，裡面的蝦跟小卷不多，味道還可以。,烤五花肉乾乾脆脆的，但是生菜破破爛爛的；部隊鍋最後才上；其他還好,好吃，不過小菜對我來說不夠酸，不確定是否能續,今日一訪，春川辣雞油膩只有醬味，石鍋拌飯上來是溫的沒鍋吧！
韓式料理,韓式料理,ChIJFzzD4oqpQjQRQhKQwn4ydLM,韓天閣,座位分配問題！需改善！,好吃小菜冰淇淋可無限享用,雙人套餐每樣食物都超好吃！cp值頗高∼銅盤烤肉（牛肉肥肉偏多、豬肉還不錯，沾醬油美味升級∼）石鍋拌飯（豬肉）、冷盤小菜可無限取用且相當美味，白飯也可以續加。海鮮嫩豆腐鍋超級無敵美味！（豆腐嫩、料多、湯讚）另外加點的雞蛋捲美味度也頗高，一定要沾旁邊附的醬！（不會辣）台北Cp值很高的韓式料理。,中午不用收服務費單人有很多定食可以選擇約150-200間多人用餐也可選套餐白飯、小菜、飲料、冰品可以自取避開用餐尖峰時刻較能悠閒用餐個人推薦炸醬麵和馬鈴薯燉雞（鍋物類）,適合大眾的價格，點2人套餐，共580，還不錯，有小菜、飲料、冰淇淋及白飯吃到飽
韓式料理,韓式料理,ChIJ_4UUh4upQjQRrLM2RIXgA3Q,首爾之家,產品好吃，新鮮,價格貴到難以接受，點石鍋拌飯裡面只有肉的碎末，幾乎是看不見那種，而且要價200多，還要收一成服務費，服務生一直想把餐盤收走，根本不看裡面還有沒有剩，也不知道在急什麼，一般小餐館收服務費的算極少見，服務態度也這種程度而已，完全是不合理。另外也點了海鮮豆腐煲，結果送來湯底完全是麻辣，菜單也不寫好，一般人點海鮮豆腐煲大多是預期清湯湯底，結果送來竟是麻辣，極其不健康，真的是不知道該說什麼……常常見店門很多人排隊，但建議不要盲從，吃平常習慣的店就好，沒必要特別嘗試還自己氣自己，不過客觀來說這家店海鮮煎餅口味算不錯，但一樣一盤要350左右的價格，幾乎也是別家店的1.5倍以上，進店門實在需要三思，也希望大家不要被google上的評論影響，可能這家店有其他好吃的，但價格跟cp值也是另外需要考慮的部分。,黑豬肉是店員在旁邊烤好再送上桌，厚度吃起來很有口感。石鍋蒸蛋調味好，只不過會有些鹽份沈澱在底部，底部吃起來比較鹹。辣炒年糕不會狂辣，也是好吃！海鮮煎餅送上來是放在鐵盤上熱騰騰噗滋噗滋的，用料不錯，麵粉不會加得很厚，口味也不鹹，沾上煎餅醬很清爽不膩！老闆娘還會過來巡視客人問有沒有什麼需求。唯一缺點：因用餐區沒有加裝排煙設備，所以地板桌子都會有油油的感覺，待太久眼睛也會覺得不太舒服。,叫了一個牛加豬鍋，鍋小，裡頭大部份都豆腐，如果沒四樣泡菜都不知要吃什麼了，再加上服務費約260，CP值不佳，不會再光顧。,老闆娘是韓國人小菜除了秋刀魚以為都可以續小菜蛋捲跟沙拉好吃欸海鮮煎餅很厚實銅盤烤豬肉會在旁邊考完再端過來減少油煙味很棒
韓式料理,韓式料理,ChIJPXPKPuypQjQR08RUkkTgw3U,華克山莊-韓式料理,null
東南亞,泰式料理,ChIJVRHL5YqpQjQR1lBVvU0ZQN0,雲泰小鎮泰式料理,不是普通的難吃、食物都有股倉儲味………河粉乾癟無味、最糟的是月亮蝦餅、每個都含油、完全不酥脆、都是裹漿、根本吃不到任何蝦子的味道……實在太難吃了忍不住……,點了杯泰式奶茶外帶，就是很多煉乳加一般類似便利商店的茶，跟老闆反應「太甜」而且「沒有泰式奶茶的味道」後，老闆還怪外面泰式料理用的奶茶都用粉泡的，不像他們手工調的，後來老闆幫調甜度後還是很甜，喝起來也沒有泰式奶茶的香味...為免下次不小心吃到，紀錄一下...這不是公開個人飲食心得的地方嗎？不知道「小心什麼不實的指控」？不然大家也可以去試個味道,泰式餐廳吃來吃去，最喜歡這家的味道，總是會再回來∼,美味可口佳餚，菜色豐富量足。此次全權請老闆負責配菜，我們就放心開懷的享用美食！,出菜很快，飯好吃，5菜一湯加白飯吃飽飽才1000出頭非常超值，口味也適中
東南亞,泰式料理,ChIJkVXT3YqpQjQRhLHnZ8tqRXM,泰正點泰式料理NICETHAIFOOD,超級好吃！為台灣人改良的泰式餐廳，口味超讚的！吃過800元雙人餐，極為推薦咖哩雞！超級美味，雞肉軟嫩、馬鈴薯夠味又夠沙，椰汁調配恰當！（唯一缺點就是湯，覺得略為清淡空虛）。個人餐原本都點打拋豬218元（也是好吃夠味），吃過咖哩雞後，就改紅咖哩套餐238元，雖然個人餐雞肉不是腿肉，但雞胸切片完全不柴！極為推薦！另一個要推的是服務態度，不會因學生而態度隨便，會儘量配合，還主動問要不要加飯，真的是很棒！我們也都很客氣，不會亂浪費，很喜歡這家店！（服務費另計，真的有服務到，值得∼）,燈光昏黃.自頭頂照下的那盞燈.讓一行人專注於彼此.仿佛置身於非比尋常的處所。每道菜都不會非常辣.蝦餅的沾醬很甜微酸.摩摩喳喳用料多。唯一美中不足是感覺冬粉蝦煲的冬粉似乎不夠入味.想吃到融入醬料的冬粉.能讓人一口接一口阿！,2020/10/24初訪想說週六打打牙祭，於是上網找找公館好吃的東西，看到有人推薦，就來外帶看看囉點了一道泰式炒河粉，一道鐵板海鮮帶回家吃一打開來，泰式炒河粉，好像沒什麼香味，不重要，旁邊有檸檬給它擠下去。鐵板海鮮，嗯，蠻香的，肚子餓了，趕快來吃看看河粉，真的沒什麼味道ㄟ，只有檸檬的酸味，雖然還有配菜如蝦仁、蛋...但好像真的沒什麼味道ㄟ鐵板海鮮，香味撲鼻，但吃起來，嗯，嗯，嗯或許太泰國式了，我真的吃不習慣。習慣吃瓦城、晶湯匙的看官，真的不要去這家。口味是有差別的...說真的兩道菜花了將近500大洋五星：再怎麼貴也值得專程去吃四星：值得吃，但CP值不見得高三星：若是在附近可以去吃吃看二星：除非主廚調整食譜或做法，否則不值得去冒險一星：嗯，有事沒事都不要去吃我的評等是我個人依據上述標準提出的主觀意見，若店家不同意可以提出看法,香米飯份量夠又美味吃不夠還能續菜的味道跟量都很足不錯月亮蝦餅好吃,假日晚上去用餐，比較早到，沒什麼人。餐點很有雷，泰式海鮮沙拉，海鮮不新鮮，蝦子很重的泡水味，花枝有怪味。檸檬魚肉很材，只能靠加檸檬汁提味，“綠”椰奶雞，都是（牛奶味），吃不出綠咖哩，也沒有“椰奶味”青菜還可以，所以還有2顆星......就這樣，不會讓人想去第二次。
東南亞,泰式料理,ChIJYQe0dYupQjQRmcw_n5dhpzQ,新南城泰式料理(公館店),環境寬敞整潔，菜色多，道地好吃,便宜又大碗，值得推薦,週日晚餐用餐簡直是災難。明顯人手不足，外場只有兩個人，要送菜收桌子倒水安排客人，還要處理外送，根本忙不過來。我們兩個人一入座，沒有人給我們水，櫃檯的水壺也完全沒水，想自己倒水也沒辦法，桌上衛生紙告知店員請給我們一包，講了三次都沒回應。都已經幾乎吃飽要走人了，炒泡麵才上桌(苦笑)，請店員飲料先上，通知N百次還是沒人理，最後還是要付10%服務費。蝦醬高麗菜，沒有蝦醬味道，都是油蔥味，一度懷疑店家上錯菜，有興趣的人可以點一盤來試試味道…辣炒海鮮的蝦子不是很新鮮，其他菜色味道普通。是吃粗飽的地方，如果不想久等，還有其他更好的選擇。下次帶朋友吃泰式餐廳，這家不會是我的優先選項。,這一顆星是給泰式奶茶的我們三個人消費550吃到飽，點個餐困難重重，幾乎都是自己走到櫃檯拜託他們給我們菜單，還要收10%服務費，飲料說可以無限暢飲點個泰奶都要等半小時以上，最後直接說沒了不給點。食物：豬肉有腥味鐵板牛柳牛肉比豆腐還軟（不知道加了什麼）那個椒麻豆腐不想講了看那個照片跟實體，感覺在跟我們開玩笑最搞笑的是月亮蝦餅，我們吃到飽三個人消費1815隔壁三個人消費888，我們的蝦餅薄成這樣，跟店家反應跟我們說因為是吃到飽所以超薄。（照片筷子夾的是我們的，後面盤子上是別人的蝦餅）誠心回饋店家，如果不想實實在在的招待客人，請不要用吃到飽這種用餐方案，讓我們花錢買羞辱感欸，用餐體驗痛苦到爆此生絕對不再來吃,味道還可以，但店員態度蠻差的，而且桌上油油菜單也爛爛油油，讓人感官蠻不好。假日晚餐來訪，完全沒放音樂，而且客人剩不多，氣氛不是很好，沒辦法放鬆好好吃。完全不會想再來，有泰多更好的泰式選擇
東南亞,泰式料理,ChIJQ58t3IqpQjQRbZu9x77xAiY,ChicThai泰式新定食,燈光好，氣氛佳（如果其他客人沒有太吵的話）,服務差食物普通cp值不高,餐廳很有氣氛，點的定食擺盤也很OK，但是打拋豬的味道非常台式不夠酸，綠咖哩雞的椰奶過多很噁心，唯一值得稱讚的是酸辣湯，很好喝。但是櫃台店員的服務態度非常的糟糕！低頭大喊某某小姐幾號桌，但完全沒有請服務員帶位的意思，各桌也都無表示桌號，也沒有服務生要協助，後來是友人跟我主動詢問2號桌是哪一張才入座的！,二人套餐經濟實惠，3菜1湯1甜點吃的撐。無時間限制是聚會的好去處；最喜歡咖喱雞跟月亮蝦餅，會再訪。,好吃平價的泰式料理，用餐環境和廁所也乾淨
東南亞,泰式料理,ChIJx-UMo4qpQjQRxf510AgLYJ0,Lacuz泰式無限,你絕對沒看過這麼奇怪的一家店蝦醬空心菜、炒高麗菜、蒸魚、炒飯風味佳，其餘普普，自助吧提供的飲料和食物少，機能差店內地方雖寬敞，但地板都油油的，用餐餐桌擦過跟沒擦過一樣，油膩至極再來說這家店最令人傻眼的部分：服務生當本人的媽媽跟一位短頭髮的服務生說：「欸那個你們地板有點髒欸。」短頭髮服務員給人一種到底乾我什麼事的感覺，看了我媽一下後看了一眼旁邊那桌她收了很多遍的餐桌和有牙籤和衛生紙的地板，回了一個字：「喔。」^_^??果然她覺得跟她沒什麼關係，之後也沒想要繼續收髒亂的地板但令你覺得神奇的是，三個服務生穿梭場中點餐、收拾，對於地上的各式衛生紙、牙籤均視而不見，認真蠻神奇的，大開眼界但媽媽後來跟櫃檯看起來像一位主管的一位小姐反應，她態度很好的回應很抱歉我們的用餐體驗這麼不佳，會再改進。buffet一人600多新台幣可以花，開開眼界。,第一次給店家評分因為沒有0分所以勉強給1顆星前後用餐時間6點52分到8點22分結帳用餐大約30至40分鐘就叫我不要再點餐了吃飯吃不到一個小時餐廳就趕我走還說是吃到飽什麼鬼我是氣到飽整個心情都沒了我明明就是6點52分到硬說我6點到我6點還在公司上班他是看到鬼嗎鬼門還沒開他先開了鬼店結帳前我仔細看了點餐單我就是6點52分到白紙黑字他都能夠說我是6點到*重點*他還看了*兩次*點餐單還兩個人說我6點到說了*3遍*3遍*整個讓我怒到幾點*PS*我沒有罵人我只有說*你的話讓我很生氣*最後店員用很*輕藐*的語氣跟我說*讓你點讓你點*你還要點什麼因為我還沒有吃飽就厚著臉皮帶著怒氣再次點餐（因為我5歲兒說要大便，我帶他去至少花了我7至10分鐘，所以我沒有用到什麼餐）可是再次上菜的菜完全不能入口我點了月亮蝦餅是軟的沒有酥我沒辦法吃下去又吐了出來結帳時說讓我打折我說*不必了*該付多少付多少一毛也不少我不是那種不付錢的奧客可是你讓我變成臭臉沒吃飽的奧客我最後硬是賴到8點22分走人可是他們的服務態度是很差很差還翻我白眼全場用臭臉對著我ps我真的沒有罵人我只有說你的話讓我很生氣,"11/14晚上消費,1.結帳時才告知不能刷卡,理由是刷卡機被帶去修理.但LINEPAY付款優惠告示牌還是放在櫃台,剛往前翻了一個月前別人的評論,店家留言回覆現在也有很多餐廳不接受刷卡.所以究竟是刷卡機修理還是沒有刷卡?!2.菜色口味及選擇性還OK,但服務員收盤子速度之快,大概就是主菜不見就會被收走的狀態...但在收起之前能先得到客戶的同意嗎?服務員一說幫你收空盤,盤子就疊起來,客戶來得及反應嗎?3.我是坐在靠窗邊用餐,約8點多後頭沒人的地方就有一隻老鼠從天花板往下開始亂竄.....",出菜很大氣很足夠,1.雖然說是吃到飽，店員也不會吃單，但是外場領導會勸阻客人先點這樣就好或是不願意再幫忙點。2.平日晚餐加服務費要近六百，以品質與美味程度來說不值得。牛肉片都是牛五花肥肉片去炒而且只有調味上做一點變化，經典的泰式料理吃起來也一點都不酸不辣，比較像在吃台式熱炒店，最好吃的菜反而都是一些便當菜像是空心菜、茄子、冬粉。然後湯品完全不推、青木瓜絲完全無味。3.自助吧及飲料選擇很少而且也不好喝，泰奶基本上就是早餐店奶茶，其他飲料就只有不甜的紅茶綠茶跟檸檬汁，也沒有其他甜點選擇。4.基本上店長的態度（或是外場的領導）不算好，最後加點的時間也感覺不是照用餐結束前幾分鐘來規定，比較像是店長自己估算該桌點很多了就會走過來跟你說還有三分鐘可以做最後加點。而且最後加點三份生蝦，然後也是裝裝樣子跑回來說內場告知蝦子快沒了只夠再八隻，看看下面評論也有人遇到一樣的情形。5.整體用餐經驗並不愉快也不算好吃，以一間開在學生區的吃到飽餐廳來說，會更推間其他吃到飽。若是想吃泰式料理公館附近也有許多可以單點但更加美味的選擇。
東南亞,泰式料理,ChIJ8wrkH4upQjQReXRqJt1VCEg,阿剛泰式主題餐廳,真的慘,慘,很貴，量又剛好而已，甜點比菜先上來？超不推！,非常不新鮮，蝦餅是酸的，吃完整個大過敏，價格很高卻吃到這麼差的料理，只有炒青菜勉強算新鮮。,上菜的確比較慢，適合聚餐多人叫，比較休閒，味道來說不錯，沒有說很鹹(可能是因為我重口味一點？)，服務態度很好
東南亞,泰式料理,ChIJ5ZCSloupQjQR008IMUu19nQ,THAIHAND右手餐廳公館店,第二次用餐，餐食不優，普通，價錢和飲食不配。,最近去吃商業午餐覺得蠻好吃的欸,與朋友聚餐我們點了椒麻雞、打拋豬跟相對比較清淡的魚，都很好吃且夠味！魚的調味偏酸∼蝦餅跟一般扁的不同，且用很華麗的籠子裝來雖看得出擺盤用心，但菜全上齊時桌上會很滿∼如果覺得擠，套餐的底盤可以收走。份量都偏大，不過真的是少數我會喜歡的泰式餐廳！會想再來吃喔！,右手一間泰式料理餐廳主要點餐方式以定食為主平常定食類比較會想到日式定食沒想到泰式也可以做成定食每人低消80元飯可以無限續定食附贈的小菜有有些可以續很佛心的店家可能也是因為開在公館站主要服務對象為學生來用餐點了主打的打拋豬肉飯口感還不錯辣度可以調整這次選的小辣算是很能接受的範圍另外點了趴泰PadThai炒河粉這道是很著名的泰國菜店家料理的我給9/10中上口感酸中不帶鹹甜度剛剛好蝦醬高麗菜一盤80元辣度適中推推超厚月亮蝦餅價錢忘記了CP值普通除非很想吃月亮蝦餅不然我覺得單價太高了最後當然要來杯招牌泰式奶茶80元一杯可做去冰這點蠻特別的通常泰奶都是會加適量冰塊來降低紅茶剛泡好的溫度除非是泡好很久的但是這家喝起來又不像可能保存的比較好紅茶的澀味沒出來吧？,好吃，服務親切。
東南亞,泰式料理,ChIJWzVrzpupQjQRak2OeMou72M,曼德樂泰式料理,每次來公館必吃的店家，常點的涼拌青木瓜、蝦醬空心菜味道好不會過鹹，這次新點的檸檬烤豬肉還不錯，咖喱蝦真是太美味下飯，椰汁三味魚鱸魚炸得外酥脆肉嫩而醬汁的椰奶味不會過重也還適合我口味，而泰式酸辣雞以為是炒雞肉結果是炸雞肉可惜裹粉太厚這道比較不合期待。整體說來是值得再訪的店家，但是口味有調整比較符合台灣人，如果想要真的泰國味應該可以在點餐時跟店家反應要蝦醬味道重一點或酸一點辣一點，因為桃園後站泰國人開的泰菜店也一樣口味調整的比較適合台灣人，菜單價錢跟桃園差不多所以在台北應該算是物美價廉的商家，桃園是一大碗白飯20元沒有吃到飽，這家店對飯桶來說實在太佛心了！,白飯20元吃到飽個人覺得蠻划算的，配著泰式椰汁雞吃了四碗兩人點了三道菜兩杯泰奶+白飯消費金額六百多，依泰式合菜來說蠻划算的，口味也和去泰國旅遊時吃到的味道相近，缺點是只有兩個人沒辦法點太多菜。,不會覺得難吃，但覺得白飯20元每個人頭都要算不太划算（我們一行四個女生其實吃不多連一桶飯都沒吃完），另外還要受一成服務費，點了打拋豬高麗菜炸豆腐和飯總共515，是有點貴,午餐便當千萬不要內用，外帶99元，內用130元，而且內用甜點只有一到五才有，那我幹嘛內用？,套餐滿划算的甜點紫米好吃
東南亞,泰式料理,ChIJqRrRhIupQjQRqqEjglBbPZA,母女的店,味道偏台式，每樣菜都普普,Cp值非常高的店，東西也是非常好吃,味道太在地化，個人覺得與正宗泰國味差異很大。單點價格高，整體而言CP值不佳，點套餐可能比較划算。今天點的檸檬魚肉質過柴不新鮮，磨磨渣渣味道更是怪。小吃店的環境，餐廳的價格,比較清淡的口味,空間設計：一樓用餐，一般家庭小吃的店面，沒有特別溫馨或打造泰式風情的裝潢用餐時間很多人前往所以記得要提早，是一個吃粗飽的地方本次餐點：以主菜單點的方式1招牌椒麻雞飯價位：120元推薦：推介紹：椒麻雞給的很大方，味道酸甜適中又不會辣，搭配飯菜剛剛好，每次來點都當作某一餐的泰式便當來食用，可省錢又可以滿足味蕾服務品質：餐後付款，店員態度都算親切附近交通：位在公館貳樓附近的小巷內，銀座越南的附近，距捷運公館站約路程10分鐘
東南亞,泰式料理,ChIJ9c4-f4ypQjQRXltpsRFuLt0,泰品泰式雲南料理,菜色多變，味道適中。,雙人套餐經濟實惠也美味,泰品太有品了吃到盤底朝空香米好吃泰奶好喝打拋四季豆、蝦醬空心菜.....全都吃光光一根不留胃口不佳食慾不振快來吃吃喝喝吧！包你香米一碗接一碗吃好吃滿一口不剩！完食美味下回再光顧值得推薦給公館商圈正肚子餓的老饕們！#不收服務費CP值超高#我是小綠葉百忙工作人生外#也要吃喝玩樂探索新世界,平日的商業午餐CP值算不錯二人可以吃得飽口味和價位也還可以假日帶著小孩去了第二次，假日只有合菜或單點，本人覺得還是平日的商業午餐價值較高,好吃...好吃...大薄片讚下次要跟店家講：檸檬魚微微辣我忘了我吃不了小辣
東南亞,泰式料理,ChIJGdF1HIupQjQRTff4eXGhEH4,泰國小館,生意非常好椒麻雞好吃,老闆、老闆娘超級親切、用心店內裝潢也很舒服∼與老闆娘聊天後發現她們還會定期回泰國更新菜色，是一家具有傳承故事的泰式料理餐廳推薦菜：月亮蝦餅（真材實料）、涼拌青木瓜（每次必點）、打拋豬（味道很特別好吃）、個人特愛：咖喱雞腿鍋（有時候一人來用餐點這個剛剛好）地理位址好：公館捷運站1號走路2分鐘，附近方便逛街熱鬧,看了電視特地前來用餐，找了張二人位置坐下正要點餐時，服務人員告知因為有另一組二大二小的客人所以要併桌，要求我們去坐另一桌二人座位並說了一句不好意思並把我們的東西全都撤走了，並無徵求我們的意願，連水都沒喝到就為了比我們晚到的一組客人…這就是你們的待客之道？而且樓上有位置為何不能請比我們晚到的客人至二樓用餐反而是要求我們換位置，導致我們興致全無公館有這麼多間餐廳，你們也沒有很珍惜我們這一組客人，以後還是把這些用餐機會留給別人好了…,"食物美味，除了椒麻雞，外皮酥脆但肉質太濕軟（其餘打拋豬/泰式魚片/金錢蝦餅/蝦醬高麗菜/摩摩喳喳/泰式咖哩海鮮炒飯）都很到味，2大1小飽到喉嚨，沒吃完還打包一個大便當盒總計$1,179。服務親切，時刻注意客人需求，主動提供服務讓人感覺貼心，員工放飯時間聽到老闆要員工不用擔心工作，好好吃飯。即時如此，員工還是提供優良服務，上菜快速。應該是外籍員工，但溝通上沒有問題，會再光顧！",一吃就上癮的泰皇滑蛋咖哩炒蟹或炒蝦，太好吃了，一次可扒2碗飯喔∼還有還有，銷魂的薑黃炸雞飯……讚！
東南亞,泰式料理,ChIJD2HpwyGpQjQR9l9qll3g_E0,大杵臼泰式料理,[價格]平價小吃[環境]因為是在騎樓旁，所以外帶的話吃起來會比較舒服[食物]當天點了涼拌媽媽麵跟涼拌甜玉米以及泰式奶茶。媽媽麵經過老闆娘的調味，吃起來爽口好吃，老闆娘說這個要趕快吃才好吃。涼拌甜玉米也是一道非常清爽的小菜，經過檸檬大蒜等等調味，非常的ㄙㄨㄚˋ嘴。泰式奶茶也是正常好喝[付款]現金[其他]老闆娘是泰國人，不過中文很好，而且很熱情，聽說他們的芒果糯米飯也很好吃，不過當天賣完了，下次可能要先用line跟他們做預定才會吃得到。,在騎樓烹煮炒食物，嗆辣味刺鼻，油煙味也讓人不舒服,闆娘親切的招呼「三哇滴咖∼」搭配著泰式宋噹、涼拌甜玉米和泰式紅茶，簡單又美味會常常來吃,看到闆娘宛如看到自己家附近的鄰家大姐一樣的親切~,好吃！！
東南亞,泰式料理,ChIJ28rhwYqpQjQRXjs_i80FXzw,泰豐味,評價：四顆半星一、綠咖哩豆腐飯特餐，含一杯泰式奶茶，以價格、品質及份量而言，CP值不錯。1.綠咖哩豆腐飯：咖哩醬汁有椰奶的香甜味，拌飯吃味道不錯，小辣，不能吃辣者謹慎。主菜是豆腐，選用百頁，造型有趣，像波浪瓦，口感軟中帶Q，份量不少，另有茄子、玉米粒、九層塔、少量空心菜，都有到位。米飯不是一般尖細的泰國米，Q彈口感不錯。屬蔬食餐，惟蔬菜份量稍微少了一點，若能適量增加會更均衡。整份餐食份量可以，一般男士吃完再加上奶茶都會飽。2.泰式奶茶：約420~450ml，顏色較台式奶茶深，呈橘色，像是紅茶加煉乳調製，香甜可口。二、店內有十一、二張桌子，約可容納45人用餐。,今日特餐等都推薦~金三角、椒麻雞、咖哩豆腐……等皆歡迎嚐嚐,"泰式奶茶很水,有一股自來水味。點了椒麻雞飯皮脆但肉少魚露味很重",味道普通，不像泰式，特餐附一杯冰奶茶。椒麻雞排飯120元,吃蔬菜河粉100元蔬菜好多種類高麗菜豆芽菜茄子地瓜紅蘿蔔白頁豆腐很多很多應該是把煮好的咖哩加一湯匙進來煮河粉是比較Q的，不是滑順軟軟的那種
台式/小吃,滷味,ChIJ3d_ex4qpQjQRW3Fzrh74OsY,白帝城川式滷味(公館總店）,食材種類多，東西也好吃，但價格實在偏高，隨便夾輕鬆破百煮好時會喊幾樣食材，讓客人自己認哪碗是自己的，覺得若有號碼牌會更有效率，也不易拿錯,點了兩百元外送，少了主菜魷魚，現虧50元！若非貪小便宜的爛店就是員工有問題！另外湯頭普通不算好吃！,雖然每次都會等一段時間（啊好吃的店不就要等就是人多才要等不然去沒人的店都不用等食材新鮮度堪憂馬上好不用等每次都超值得的啦味道夠味而不死鹹麻辣皮蛋豆腐。必吃........豆腐鴨血。必點馬鈴薯。出乎意料的口感,去買的時候店家一直做後到的客人，讓人像盤子一樣一直等。大陸服務態度像海底撈之類是越來越好，台灣倒是一直退步.…...這家店不建議大家去，除非妳們時間不值錢,都已經親自問過店員有沒有不辣的說完全不辣結果帶回來的東西有夠辣裡面還一堆辣椒都再三確認過還強調不辣了這樣做生意的莫名其妙
台式/小吃,滷味,ChIJO0HpkIupQjQRAlnRafG57o4,公館阿姨滷味,好店就是要多鼓勵,肉質好蔬菜新鮮營養實在,辣勁味美料實在,蔬菜套餐裡的菇都發酸。覺得這裡食材清潔和管理有點問題。希望老闆娘自己吃吃看這樣是不是正常的！！,招牌套餐才70元，滷味中超級佛心的價格，CP值很高，料多新鮮又好吃，又不會像一般的滷味太鹹，味道剛好，老闆很親切，看隔壁其他的雞肉套餐，豬肉套餐也料多實在，可惜今天比較飽，下次再來
台式/小吃,滷味,ChIJtUC5Fx6qQjQRIpCo9L3JIJ0,王牌加熱滷味,大學時期的愛店，味道亦如往常。,Cp值高，口味也不錯，但衛生有待加強，希望食物可以至少用個蓋子之類,分部的捧油想吃滷味最好的選擇,好吃而且價位很佛，一家只能外帶的店。,不好吃，調味料加了沙茶，滷味都不滷味了，這是加熱食物不是入味的「滷味」，蛋不入味超級失望，滷汁也不好喝
台式/小吃,滷味,ChIJ4SSFmYupQjQRS_HFB6TskW0,軒軒滷味公館分店,價格：偏便宜。食物：好吃，加辣很讚。,老闆娘親切，食物新鮮清淡好吃，公館宵夜好選擇。,好吃又便宜老闆娘人超好,跟師大店比起來，食材比較新鮮，份量給的比較多，不過醬油給得比較淡。還是很好吃得一家冷滷味！,雞心完全沒有血腥味，貴得有價值，超棒
台式/小吃,滷味,ChIJP-LH3Y2pQjQRW65i8uK59z8,家鄉滷味,應該先做功課再來買，被排隊人潮騙了，超級超級貴的滷味，點沒幾樣要350元，我以為我聽錯了！下次不會再來了！,東西偏貴，然後東西超級鹹...沒配水吃不下去,拿小瓶子當比例尺，這樣240元，超級無敵鹹，鹹到無法入口就算了，價格超級貴，比墾丁滷味貴上ㄧ倍然後量少一倍，味道鹹到可以給0分，怎麼沒上新聞呢？？,沒先做功課就路過去買，結果...就是大家所說的.......，可以連一顆星都不要給嗎?點了四豆干、黃瓜、脆腸、花枝總共200元，好吃就算了....但！算了我不想再說了.......,稱重非常貴∼點了半隻無骨雞腿肉（大概12片肉片）105元其餘的東西超鹹（我默默過水吃）真的不推
台式/小吃,滷味,ChIJa3CDx4qpQjQRuD4D7D7UjI8,四川滷味,只要能維持好風味，客戶會再來,還行,口味善尚可,美味,好吃
台式/小吃,滷味,ChIJy3pgw4qpQjQRHdZE0gM6HNc,公館滷味王,老店，但近年的感受是品質越來越不穩定。氣溫高的時候真的要注意這家的食物，尤其是豆腐類製品。,東西酸掉又沒熟，感覺食材、滷汁不新鮮，好像放了不只一天的感覺,連一顆星星都不想給，嚇死人的一間店，長這樣大，第一次無法下嚥∼,大一大二吃的時候還可近年某次吃真的難吃到吐,又乾又鹹差點噎死，食材不新鮮第一次覺得吃滷味是酷刑
台式/小吃,滷味,ChIJ0wUE64qpQjQRu-O2bz-D1tA,卜乘輕食滷味,要冷的很貼心的幫我加熱了？原來之前就有客人都是發生這樣的狀況ㄚ...處理食物的人員口罩也不戴好還邊做餐點邊吃...要這樣不如直接把料理台改到後面去吧...........................................................................抱歉不方便詳細情況麻煩直接詢問當天點單人員就好,【回覆店家】今天買的是玉米筍貢丸跟雞胗+酸菜，沒買過雞胗，但覺得貢丸份量變少(但沒數數量)，加上酸菜給的只有以前的1/3，整體感覺此次份量差異覺得滿明顯的，之前買過至少快10次沒有這狀況，希望是一時失誤，謝謝店家回覆。份量縮水的太誇張了，榨菜也給的很小氣。口味還是好吃，但是份量太少了應該不會再買。,另外新生南路店的很討厭，想慢慢看菜單都不行，3:30只有我一人買，還在那邊催買單，綁馬尾那個,偏甜冷滷味。原來我曾現場買過呀！家訂外送，誤以為為加熱滷味，打開餐盒時內的滷味是溫熱的，店家附上字條「其實我們是冷滷」尷尬到不行...其實我也比較愛冷滷味啦！還特別幫忙加熱真是貼心滷汁蠻甜。忘記註明加辣、所以無法評辣。隨餐附點芽菜和洋蔥、蒜片，配著吃還不錯。香味有，但滷汁太甜了並不合我胃口。綠花椰煮太熟了。冷滷加辣還算好吃可以點∼,在夜市難得發現健康的選擇。雞胸肉水煮的自然沒辦法像舒肥那麼嫩，但也有反應在價格上（50元），都已經比便利商店便宜就別過度要求店家了。單純需要健康蛋白質來源可以買，想要好吃舒肥嫩雞胸可以跳過。
台式/小吃,滷味,ChIJ60kZgYupQjQRXsmrdX69S6A,軒軒滷味,null
台式/小吃,滷味,ChIJ6TW2inqpQjQRaSCaTamHmRg,呷喀煙燻滷味-公館店,好吃！！每次經過必買，老闆人也很親切,口味不會很鹹，老闆人也很和善，來買好幾次了,煙燻豆皮非常入味，豬皮相關品項也把毛除得很乾淨，搭配酸菜夏天吃超舒服！,好扯也太好吃了吧又很便宜還不買爆,老闆很用心，口味很棒，值得一來！
台式/小吃,鹹酥雞,ChIJhWCmmYupQjQRXShLc4dqiDo,阿福鹽酥雞,點薯條看起來像魷魚絲難吃到臉歪掉，炸的渣渣還倒到薯條袋子裡點幾樣400多而且沒有價目表炸了才跟你說簡直騙錢，請大家抵制這種惡劣咸酥店,雞皮豆腐有機率吃到不新鮮的，東西貴。,目前老闆家裡有事所以休息放長假，有確認開始營業在告訴各位朋友，如有不便之處敬請見諒。謝謝各位的支持！,從小吃到大，但最近老闆很久沒擺攤了，不知道發生什麼事,不好吃，太油而且偏貴。
台式/小吃,鹹酥雞,ChIJn-RB6oqpQjQRTBPsvDY6QF8,公館夜市【素食鹹酥雞】,素食者可來試試喔，全都是素的，一解無法吃葷食的鹹酥雞的嘴饞喔,不太愛吃素食的我。只要有路過公館附近。我就會遶過來這邊買當初單純的好奇。買了一次後覺得也太好吃了吧！鹹酥雞跟羊肉的部分就算冷了還是很好吃。外酥內軟不會太油。而且老闆的胡椒粉應該是特別調過的。加上去提味了很多另外蔬菜香菇類也炸的很好吃。不過這個比較適合現場吃。外帶回家太久菇類容易出水。導致外皮不夠酥會變濕濕軟軟的。而且份量給的很足夠。一份鹹酥雞一份香菇其實就蠻飽的蠻推薦可以去試吃看看。不會有素食的那種怪味道,素食鹽酥雞味道也不錯,難能可貴夜市中有素的鹽酥雞給素食者享用.調味很棒，還有加九層塔，非常好吃.所以常常會來光顧.週末要排一下隊.(老闆動作很快，所以也不用等太久)平日就還好.豆干因為只對切，感覺味道比較淡。,這家店開得挺晚的，剛好沒吃晚餐就來了，滷炸皆可，價格中等，份量大，要小心不要點超過，老闆人很好，調味也不會太重
台式/小吃,便當,ChIJ_RyeQYypQjQRhfKxcKEnHOs,呷讚便當店,"來汀洲院區拿藥,發現的平價便當店,平日中午不少人排隊,便當一律70元,炸排骨超大,拿回家吃酥炸口感不減,以北市物價來說,cp值超高,推薦給大家",這是一間看似毫不起眼但超級實在的小店你有看到那隻魚那麼大一個的嗎？！更不要說中午就會被搶光的圓鱈你知道外面單點可能破百這邊都一律70元嗎一般人看到可能會想說這是一間比50元便當還要貴20塊的店家可能連嘗試都不會嘗試（我錯過二十幾年但是自從有次嘗試過後讓我對他大大的改觀如果怕吃不飽的同學可以跟老闆說飯多一點是不需要再另外加錢就可以吃飽飽的更別說那個每日附湯真的是誠意滿滿又好喝時不時都可以在裡面發現特別的驚喜現在一週上班都平均會吃三次左右有時候我們要的就只是這簡單的美好,刊登時薪170元實際上是時薪150元夾菜的時薪比較低是不會寫清楚嗎浪費彼此的時間,這間餐廳貼在大樓的旁邊，磚造的，外牆有點勉強，有點亂，感覺是利用公寓大樓旁的空地所建的一種臨時的建築，進餐廳後，得右轉，才能到用餐區。非常鄉土，鄉下型的家常菜餐廳。由一家三口在經營吧。它的對面就是三總的汀州院區，在這兒，大約不愁沒客人，以他們的風格和收費標準，只有他們的客層。其實這是一家便當快餐店，名字中，呷和讚之間，有一個“范”字，與“飯”是諧音。看網友的評論，這家店的經營者換過老闆，不曉得這范是前任老闆，或是現任老闆的姓。,主菜多種選擇，菜色也七，八樣可選真的不錯，俗擱大碗。讚！
台式/小吃,便當,ChIJLwZF5WCpQjQRFOr1RyV9DcY,泰國密汁便當,好吃，雞腿肉很嫩，配的醬汁酸酸的很開胃。配菜有4種，還有酸蘿荀，很不錯。,我想平均一下評分，以這樣的價位來說我並沒有吃的不開心，肉也很軟嫩。雖然一點也不道地，但公館地區的泰式料理都不道地，所以這是可以接受的。,門口menu上有寫...師大第一腿拿台大學生證有打折...拿師大學生證沒有打拆...今天2019/9/15路過時看到....搞笑嗎?,只有雞腿好吃,飯很硬，湯很鹹
台式/小吃,便當,ChIJe4cE6qipQjQR2UmbYuJQubw,金湯匙豆花坊素食簡餐便當/台北美食/台北豆花/台北便當/台北剉冰/台北推薦餐廳/台北小吃,喜歡猴頭菇排。好吃。,外送經波折終於吃到，感謝老闆的佛心及貼心注意備註，遠在橋的另一端吃飽喝足，滿心感恩,【foodpanda外送】這次和朋友一起點了foodpanda外送。素G排鐵板麵套餐-$130猴頭菇排鐵板麵套餐-$160非常驚艷！原先在平台上的照片看起來只有麵和一些菜和主餐，沒想到送來居然有一大盒青菜！覺得蠻划算的∼也有附湯。青菜都很好吃，小塊的醃漬蘿蔔非常清爽，整體不會覺得太油膩，有菜有素肉有荷包蛋。麵的調味是有點胡椒口味的，一點點辣辣的。還要飯類可以選擇，整體來說覺得乾淨又好吃∼推薦嘗試！,杏鮑菇咖喱飯真的差評根本迷你菇不只少又小塊，加些咖喱醬馬鈴薯就要100塊呢!!!!就不說咖哩醬也不是很好吃了,除了素食簡餐，也提供自助式服務，菜色新鮮勤更換，最棒的是白飯可以自己添，這點勝過其他素食自助餐館許多。而店家也有提供招牌自製豆花及冰品，是盛夏時分消暑的好選擇。
西式/美式,早午餐,ChIJ8ZHPe2WpQjQRNR3e5ZtTLco,#BFFGossipBrunch早午餐-公館店,東西好拍也好吃的網美店,如果你找的是適合打卡網美餐廳，這裡很適合你賣相我給5分，其他一切差強人意之前是看了部落客給高評價才來嘗試，吃完無比失望，不知道是業配文太浮誇，還是服務和餐點水準近期降低了？星空牛排/看網路上別人介紹檸檬乳酪醬搭配得很好又解膩，個人是吃不懂。牛排上來就是冷的，沾鹽巴味道還可以（很正常）。檸檬乳酪吃起來有點像優格，冷牛排去沾沒有加乘感，沾鹽巴比較好吃。可頌部分就是中規中矩，而且至少是熱的。大理石水波蛋奶油培根麵/為了好看所以醬汁跟麵體分開放。白醬本身味道單調，而且也是溫的，跟麵拌起來無法融合，很像各吃各的。干貝部分很普通。凱撒沙拉/醬又稀又淡，不講我還不知道是凱撒醬口味店家已經事先拌好，雖然每片葉子都有沾到醬，但真的很水沒什麼味道，然後麵包丁軟掉了。只能說服自己剛好也在減肥，沒醬沒熱量整個賺到？！最後：店員太少，無法即時照顧每桌的需求。明明已經訂位也有空位，不懂為什麼需要等待？終於入座後，沒訂位的客人直接走進來，就光速獲得空著的位子...店員很親切但是太忙，光帶位跟結帳就沒時間了。一直等店員來點餐，但因為店員實在太忙根本無暇分神來處理。好不容易上了水杯子是髒的，裡面有不知名醬料污垢（反應後有立刻更換）。聽到隔壁桌也在說「不太好吃」整個體驗令人失望。,餐點都不錯吃，但也不便宜啦,"一般對網美店的想法都是好看不好吃BFF的餐點不僅擺盤好看很好拍在口味上也很有創意還不錯店內空間雖然不大但也不擁擠在服務方面也是很棒也難怪訂位前詢問店家是否適合接待小嫩嬰店家的回答完全是沒有問題的!(本來還很怕網美店為了多接幾組客人將店內桌椅排滿滿)今日點的是屬於你我的藍眼淚鴨胸很嫩不乾柴也帶有一點厚度不會吃得很空虛燉飯個人偏愛義大利米那種米心偏硬的所以這個對我來說偏軟爛但一般餐廳為了大眾口味都是如此不過就味道來說是不錯的(後來上網查了一下才知道原來米使用的是北非小米，不曉得現在是否一樣)飲料點的是厚起司阿薩姆茶很順口好喝不過正常甜度個人覺得有點太甜(雖然使用的是蜂蜜做調整,人覺得稍微減少點蜂蜜會更棒)整體來說是間好拍又不錯吃的網美店可以介紹朋友來用餐的一家店",餐點還蠻好吃的，認為值得嘗試一次但價格算是偏高整體來說算是走高級路線看起來都頗精緻的只是這和一般的早午餐無法比擬可能是製作的時間比較長，所以飢餓感又更加強烈，所以吃完之後必需要再去找些食物來填補空虛感。不過用餐到後面吃生菜的時候發現塑膠袋的碎片我想應該是沒看錯吧！這算是製作餐點的失誤了結帳時有跟店家反應店員也感到很抱歉不過我也很抱歉只能給您三顆星了希望你們越來越好加油
西式/美式,早午餐,ChIJ7-vZNXGpQjQR_4yTwlFtc5g,MWD麥味登台大店,是在UberEats上點餐的。到目前為止，點過將近一半的漢堡，跟超過一半的滿分堡。都還滿好吃的。份量夠，食材也新鮮。如果你也喜歡吃麥當勞早餐的薯餅跟滿福堡的話，那麼，強烈推薦麥味登的火腿薯餅滿分堡。最重要的是，營業時間夠長，基本上涵蓋了一般的三餐時間。晚餐時間如果多點一份，還可以當消夜。非常方便。1補：在某個滿分堡都賣完的假日，點了丹麥堡試試。意外地好吃，絕對會再回購。,這個路段僅有的連鎖早餐店，假日人多，而且有接外送訂單。但櫃檯阿姨的點餐速度太慢（據說是電腦慢），還要唸菜單跟她聽，那我畫菜單幹嘛？所以排隊點餐的人會等很久。,店面很漂亮，餐點也不錯，但點餐時候可以不要一副客人來找麻煩的臉嗎，不想做可以換工作吧？,用餐環境蠻好的，可惜我臨停必須外帶餐點~出餐速度如果能再快點，真的就太好了！,拿鐵味道非常非常淡，到底是加了多少水?要省成本也不是這樣，小七的還比較好喝。未來不會再光顧...
西式/美式,早午餐,ChIJK8xu34qpQjQRS9iu71heV3g,土司吐司ToasToasT（公館店）,吐司不酥，裡面還有頭髮...,食物不差，態度也真的夠差,因為這幾天突然很想吃有花生醬的烤吐司，看到這間是用有顆粒的福源花生醬特別跑來！買回去才發現根本沒有啊打電話跟店家反應，結果店家告知：因為我們花生醬只抹單片而且是「薄薄的一層」，製作同仁很確定有抹如果想吃花生醬的可以考慮別間，不知道花生醬是薄到沒有存在感還是真的沒有這次點全麥超嫩雞腿，吐司本身不錯，雞腿有點鹹，花生醬就是完全QQ下次可能換其他口味試試,補充回覆店家的回應：我不是假帳號，我的帳號評價都是貨真價實的，不用先急著把批評講成假帳號。即使戴口罩也可感受出眼神跟講話的口氣，我想這不用我說，同時也提醒店家不是戴口罩就可以態度差。餐點口味普通，沒有好吃到可以臉那麼臭，態度這麼差。所有店員臉都非常臭，很像客人有欠他們錢一樣，上班是一件很痛苦的是，買早餐可以讓大家都心情好一點嗎?,愛店，每次幾乎都點超濃起司那天如果財富自由就會再點一杯鮮奶茶，好好喝
西式/美式,早午餐,ChIJM3P2ruCpQjQREtSGnl9tftI,秘徑小食光/義大利麵/燉飯/排餐/早午餐/商業午餐/午晚餐/咖啡館|下午茶|場地租借,第一次發現這麼隱密、環境這麼舒適的簡餐，而且食物非常健康！完全符合健康餐盤，飯剛好給一小口、舒肥雞胸肉非常多汁好吃、炒蛋根本是美味、連配菜都是烤過的蔬菜，非常驚艷，絕對是附近聚會的第一名單,食物用料不錯空間舒服但餐點等候時間有點久大約等了半小時用餐人數約6成滿但上飲料的時間控制的不太好餐點完全用完又等了十幾分鐘都還沒開始做有點兒小可惜服務態度普普不算特別好,點餐完畢後零散上餐一樣是法式早餐，卻差了40分鐘分別上餐一杯咖啡等了超過70分鐘改外帶杯也是只能繼續等20分鐘工作動線規劃需要改善不過值得稱讚的是雖然一直很慌忙但是態度依舊保持友善服務熱忱有餘，能力不足,餐點很美味，店內種有很多生菜，一個現拔現做的概念（？）點了咖喱雞軟法，口感跟調味相當不錯很喜歡嫩蛋裡面的馬鈴薯，軟嫩好吃店家服務態度也很好喔，相當推薦！,9/11中午去吃的吧，送來的菜單上沒有商業午餐，結完帳才發現自己要點的套餐有商業午餐，也比較便宜，所以問店員能不能更換，店員說不行已經做了（才過一分鐘^^）餐點裡的菜是店家自己種的，水耕生菜真的有夠難吃完全沒味道==還有店內設備滿舊的，室內有一個怪味，喝水的杯子也很髒，真心不推
西式/美式,早午餐,ChIJ4cI98NepQjQR3Uy-HdOy5k8,鱷吐司AToast,外送包裝用心，星星鱈魚塊好吃！,餐點很特別，排骨必點，一定要吃吃看！,可以在早上吃到排骨很特別，口味也不錯，但吐司普普,雖然是很好吃沒錯，但是櫃檯人員服務有夠差,"從開慕每天中午買2~3個(會打電話先訂)，到現在失望不買了！口感和之前不同了，唉~~有時排骨炸的過老，有時蛋會過鹹，反應一下，堶掉p房大嬸還會說不可能，從天天來到失望不來，問問你的員工便知1個月前有有這事。。真的口感了。公館商圈商家潮起潮落，店家更換率高，老的有名店家，始終生意興隆，就是品質穩定口感佳。公館辛巴克咖啡做的很好，我們一買4、5年，每日2、3杯從不間。老客戶的經營很重要，當下不過是意見的反應，卻遭到廚房大嬸很大的質疑？我看的出你們很用心經營""google我的商家""、臉書、部落容，但落實品質穩定及員工禮儀及顧客意見更為重要。生意方可長久！這些市場上花個小錢，找個協力廠家，便可經營的有聲有色，但重點是顧客意見及員工訓練、品質穩定真的落實嗎？不要落個有名無實的店家。現在都改買汀州路上""厚蛋起士三明治""，真的對貴店失望且不會再來的客人！"
西式/美式,早午餐,ChIJ0bB2nIupQjQRQMX2--vUgOE,貳樓餐廳SecondFloorCafe公館店,第一次蒞臨「貳樓」餐廳，此餐廳採取手機QR牌號制，當時排還有15組系統預估95分鐘，實際排大約30分鐘就排到位子。均單價約300-350，另外有套餐+60元與+150元。在這邊特別推薦加購歐式麵包，一人加點全桌都能無限加點。麵包盤的部分圓麵包有濃郁香料味非常推薦，而沾醬應該是焦糖奶油，塗抹在麵包上十分可口。主菜我點了香腸海鮮飯，個人覺得還算是及格的海鮮飯，味道不錯，就配料稍嫌弱了些，尤其花椰菜應該再切小一點，不過份量十足，很適合分著食用。另外還點了雞胸肉花椰菜飯，這道菜屬於生酮飲食早午餐，吃起來也是十分健康，唯獨個人不太習慣花椰菜飯的味道。而配菜和甜點我分別還點了起司馬鈴薯盅和金銀島冰淇淋杯，這兩個我覺得比較普通沒啥記憶點。整體來說味道還可，價格略高，份量很足，屬於適合偶爾與家人、朋友聚餐的地方。均消約400-500/人，有低消100元與服務費10%。2F的服務人員非常主動用心，不過我很不習慣有人蹲低點餐。,多年後再訪已經是重新裝潢的公館貳樓，可惜附近停車不容易（自來水公園停車場2020年12月整修中），但是大眾交通工具很方便。格局跟改裝前差異不大，菜單有重新設計，不喜歡精緻澱粉太多的可以點生酮拼盤，滿滿蛋白質跟蔬菜和橄欖油，忍不住想吃澱粉也可以加點無限續的麵包盤，餐點搭配的彈性比以前好很多，只是仍然無法幫你守住荷包。我要稱讚服務人員完美的體現服務二個字，除了餐點搭配的建議外，也會時不時的在一定距離外觀察用餐狀況，適時收餐盤或補充紙巾飲水，還有更換餐具，不會給人太大壓力，還帶有熱情與溫度，拿捏的恰恰好。這次帶小朋友用餐，還提供畫紙蠟筆跟貼紙，很知道家長想要的點呀！四顆星通通給服務人員啦！缺點的話，牛肉的筋沒有處理得很好，有吃到大人完全咬不動的部位，另外希望假日可以開放訂位。,環境：1、2樓各有一間廁所，樓梯很亮，一上樓會先看到一面有書、相框、小物...等裝飾的木格子牆。價格：2人，均消$424（1成服務費）。時間：2h心得：點了一份商業午餐（總匯三明治）跟低碳-舒肥雞花椰飯，還加點炸蘑菇。商業午餐的組合比一般點餐便宜$80。低碳的餐點在同一頁菜單上有註明可選2杯飲料，但，店員解釋因為要控制碳水份量只能選1杯無糖的無限續杯飲料，可是續杯又可以換有糖的...兩人的位子有點窄，很怕會撞掉東西。但服務生很貼心的幫我們併隔壁空位的桌子。舒肥雞稍微乾了一點，搭配沾醬味道不錯。總匯擺盤很大份，整份餐點直接吃很乾，建議要搭配飲料。奶茶蠻甜，檸檬果萊姆茶味道淡淡的。炸蘑菇麵皮有點厚，蘑菇蠻juicy，我都把麵皮去掉。#HaveaWan’sssDay#Food#Lunch,除了檸檬果萊姆很像感冒糖漿淡淡的除了空氣很悶很不舒服之外在此扣一分另外來講餐點：今天第一次來點上的是低碳舒肥奶油雞肉花椰菜飯吃得出來食材很新鮮，舒肥雞胸肉很軟嫩很厲害花椰菜飯代替主食令人覺得不可思議的好吃雖然外觀看起來不怎麼好看但在意飲食習慣的人確實是不錯的選擇喔！麵包還可以免費續餐點很豐盛吃的出來店家很用心吃得出來真材實料菜單設計的很像雜誌書籍服務態度：服務人員訓練得很好服務人員會一直過來問你麵包要不要在續會讓人覺得麵包超划算覺得賺到了會讓人之後一直想念這家店會不斷的來這消費服務人員還會關心今天的餐點還習慣嗎。覺得很加分最後結帳離開還會送客,帶了全家老小上從93到2歲，到之前自己吃的感覺很好的貳樓，感謝壯碩帶位人員幫忙協調讓我們可以併在一桌（週末沒有訂位）慶祝長輩生日1.餐點好吃份量夠2.年長到幼童都有適合的餐點3.附近有水源停車場，稍微走走就到，吃完也可散散步4.餐點辣度等可調整，需跟服務人員講當天雖有一個麵稍辣整體服務員的態度、餐點都是很好的體驗
西式/美式,早午餐,ChIJA67rzEupQjQR-pS-IzVjy9s,45brunchcafe,店家用心自製餐點：法式手工鹹派、香料雞肉、生菜沙拉。親民價格(無服務費)、高級享受。店內裝潢超有格調，環境舒適乾淨，服務親切。大推！,這間店適合三五好友聊天時使用，餐點全都現作要稍微等些時間，但絕對值得。套餐附上的布郎尼是燙的，搭配一點也不苦澀的現磨咖啡非常好吃。,無骨牛小排超讚，完全不柴其實餐點大概均價$245都是主廚手工製作，真的跟別家不一樣，尤其香料雞超好吃，都不會柴特製的沙拉醬，我在台灣從來沒吃過這麼好吃的，很健康喔,細緻的餐點，帶著法式的慵懶，有別於坊間的早午餐，絕對值得來品嘗,服務不錯，環境也滿舒服的。
西式/美式,早午餐,ChIJZaHX34qpQjQR19p03u2FS7w,倆倆號,這家想當盤子的時候會來，還不錯吃但就太貴了還有跟垃圾渣男和前任有關的不好回憶，ㄍㄢˋ,一開始是被倆倆號的小文青裝潢給吸引，原以為是賣咖哩飯（到底為什麼有這樣的錯覺？）走進一看，發現是小食的店，蛋塔的價格大概落於均價，但是三明治的話有點小貴，但還可以接受，只是對男生來說，大概只能歸為點心，吃完還可能會餓。蛋撻的話，四個口味都點了，可惜因為我不吃芋頭，所以不給予評價。如果就其他三種口味排順序的話->原味>珍珠>起司乳酪，主要還是因為原味吃起來比較爽口，如果不是怕熱量超標的話，真心覺得我可以自己吃完一盒三明治的話，是我喜歡的熱壓吐司！不過味道普普，但是現烤送上來，熱熱咬下去的幸福感，我還是沒用的很喜歡這次因為沒點飲料，所以飲料也就不評論了。下次有機會再來公館逛逛的話，我覺得我還是會想再來∼,慕「名」而來，敗興而歸。很久以前就耳聞倆倆號熱壓吐司的盛名，終於晃到一間分店，而且還開在公館商圈，二話不說就進來嚐鮮。然而內用空間非常狹小，尖峰時間會人擠人。但更嚴重的是「油煙味」超級無敵嗆鼻，嗆到完全品嚐不出餐點的美味，還燻滿整身的油煙味，用餐環境完全不及格。至於餐點，出餐速度極快，畢竟小小一份....口感乾扁，起司可有可無，哪來牽絲；牛肉薄薄一片，吃不出特色，幸好蛋黃沒有全熟，不然整份都是乾的。而這種份量居然要85元，我何不去吃麥當勞....,音樂大聲了點,吐司好吃燻雞和雞腿推推位子太擠很不舒服不建議內用但外送吐司又會軟(很兩難)
西式/美式,早午餐,ChIJjSvhGEqrQjQRKF1T3sVyeFY,海音Brunch,拜託換掉收銀員小姐每次效率極低後面都排一堆人還在慢慢來更好笑的是看到同學用linepay掃完後給她看收銀員裝作沒看到一值低頭同學說了一聲好了兩聲好了最後大叫好了她才有反應,效率低排了一堆人櫃台流程慢建議尖峰時段別來會被氣4,薯餅蛋餅35鮮奶茶35(加套餐25)鮮奶茶一點偏甜薯餅蛋餅很不錯可以linepay可以加番茄醬跟醬油膏,
素食/健康,低GI,ChIJu4qIP0epQjQRRbcJFrcHVrs,MissEnergy能量小姐台北公館店,牛腱130.5有3大片，軟又帶點嚼勁，算是好吃，調味也適中，不會太鹹&太甜，這幾天連續吃了兩次，也沒有之前來的乾柴情形，可惜尖峰時期便當包好無法調整單點牛腱(約97g)80-----2020/11再訪牛腱便當130紫米飯維持Miss一貫煮法偏軟爛，菜不會太油膩，大多是蒜末調味的味道，半顆蛋是溏心蛋，還不錯吃，牛腱有入味，但是很柴非常難咬斷，吃的很辛苦，地瓜整塊濕濕的，吃起來不太舒服2018年6月重慶店開幕時，吃到牛腱便當後，因此愛上滷牛腱軟嫩的口感，後來每次去吃的品質都不太一致，有時候軟嫩入味，有時候乾柴難咬，但是今天公館店購買的便當，真的是我吃過最乾柴，要用蠻力抓緊筷子才能咬斷的程度既然牛腱從一開始120漲價到130，也一家家擴店，希望店家能將品質維護好,一直都有耳聞，今天終於來吃啦店內大約9、10個座位而已，不過大部分的人都是外帶；到的時候有很多人排隊，還排到店外，不過很快就輪到我了我今天點的是蒜泥豬里肌，有附筷子。裡面除了豬肉以外還有紫米飯、一塊地瓜、高麗菜跟其他配菜，看起來少少的但吃完真的蠻有飽足感的，而且熱量不到500大卡，如果要控制熱量的話真的很推薦，就算天天吃也不會膩。另外他的筷子跟一般的免洗筷不一樣，材質很特別、聞起來也很香，可以看出這家店的用心！,已經第三次吃到近乎生肉的雞胸肉真的不能為了口感不把東西煮熟啊...但附近只有這間低GI只能拿回來自己再用熱水燙了...唉什麼時候會有別間呢...,整體很好，推薦豬、魚、牛便當扣兩顆星緣故：1雞肉便當過生，有時都不確定是口感好還是半熟了2湯竟然是沒有持續加熱的，每次喝到的溫度不一，有時只是微溫而已,東西不錯，可惜我最近幾個月幾乎都買不到蒜泥豬，一次兩次也許運氣不好備貨不足....但是這幾個月我幾乎有8成以上機率都買不到不過反應後已經改善
日式料理,拉麵,ChIJ9eASooupQjQRTsk8akzNros,十二巷拉麵,非常非常非常好吃，來吃好幾次了，每一次用餐都十分滿意。尤其唐揚雞塊真的是必點，好吃到全部吃光光！,麵裡有蟲，店員幫你換湯我問號超小杯雪碧35,特製豚骨拉麵很好吃喔∼以後還會再去吃的！！！,咖哩好難吃是用那種台灣便宜咖哩塊做的拉麵還可以才100初也不要求什麼不過咖哩真的好難吃...,2020107公館三鼎那附近都吃差不多了，找到這間拉麵店點了招牌的豚骨拉麵可選湯頭，白濃、醬油等，這樣才138在公館來講算便宜了，麵條偏像台式鐵板麵湯頭不錯味道濃郁雖然不道地，比較清淡點沒那麼鹹豚骨味較淡，豚骨肉軟還可以，玉子蛋白Q還不錯
日式料理,拉麵,ChIJWaUkuIqpQjQRNaRGUQb_K6I,京阪豚骨拉麵/公館商圈優質店家/拉麵/,物有所值，但是不該改菜單呀,這星星是給價格的口味是不錯，的確有些清淡（以*拉麵*的標準來說）但我是覺得可以只是……店內使用的筷子……首先，它是木頭的；其次就是，它的漆不知道是很薄，還是用很久幾乎被洗掉，還是追求天然本來就沒上漆…總之就是它吸附了各種特別的味道。一開始拿起來吃了第一口，我覺得空氣突然散發著是抹布的味道（像是為了讓筷子快乾，拿抹布擦過的感覺，也許是專門擦餐具的，但味道…我是建議最好真的要常換），於是我遲疑了一下，把筷子湊近鼻子一聞……不聞沒事，一聞不得了∼不只是濕抹布味，還有長期積累的汗水臭味，天啊真的不想再回憶起，所以很抱歉我不敢再使用店內的筷子了，幸好店家很貼心，有提供免洗筷，讓我不至於吃不完我的拉麵以上是我個人的體驗，或許自己太敏感了，也可能是我運氣比較好，謝謝,首先說飲料綠茶真的挺優質的個人覺得很好喝而且進場也其實蠻快的我們有7個人但等不到10分鐘就好了餐點來的速度也很快品質也很不錯，麵條很Q湯頭不會濃郁到我很想吐算清的但是不會到喝起來像喝水整體來說CP值算高，推推,2018.09味噌拉麵，湯味道一般，麵條為細圓拉麵，口感可以，配料有海帶芽、筍乾、半個滷蛋、青江菜、玉米粒、叉燒肉一片，屬平價拉麵，以價位而言，物有所值。,性價比我認為很高比起一旁的極麵屋來說價錢便宜許多!!如果哪天不想吃極麵屋的話可以考慮一下這家
日式料理,拉麵,ChIJPSbdwIqpQjQRlYUb2CvQAZM,山嵐拉麵公館店,海湯味道鮮美，麵很Q彈，價格略高,好吃，只是通常要排一段時間。,還敢吃拉麵呀！-山嵐拉麵台北市中正區羅斯福路四段136巷1弄13號-公館附近地址很長的拉麵店always在排隊不想等的可以一開店就去座位沒有很多吃飽內用完就會叫你滾蛋（很有禮貌的喇）畢竟門口有人在等也只能乖乖滾蛋準時上課去-白湯拉麵230湯頭可以欸我自己很愛可以喝到濃濃豚骨香60趴背脂自己覺得挺剛好要喝到接近最後一口才會有一點膩的感覺喜歡清淡一點可以點30趴背脂麵的話是捲麵（不管粗細都是）有彈性口感也夠（但自己還是比較愛博多細麵，一蘭的那種）叉燒我覺得非常好吃相當軟嫩厚度和香氣都夠海湯拉麵260滿滿鰹魚味中帶點豚骨香喜歡海味的可以點這碗是細麵個人偏好細麵一點朋朋很愛-可以試試看的拉麵（雖然我不是拉麵大師喇）不會雷甚至有點好吃中午加白飯不用錢吃得麵加湯泡飯很爽飽死肥死舒服-#還敢打分數呀#還敢吃正餐呀#山嵐拉麵#公館美食#台大美食#公館拉麵#台北美食#台北拉麵,肉非常嫩，湯頭剛好,於2020/11/17中午用餐。藏在公館小巷內的拉麵店，進去時是以購買餐券的方式點餐，一開始因為不太了解餐券購買方式，在機器前弄了好久，還好當天一位女服務員前來解圍，當下覺得非常感謝與暖心。這次用餐選擇是：肉多、豚骨白湯、細麵、30%油脂、標準麵量(300$)。首先我覺得湯頭鹹度很OK，大概是剛好到達一般人可以忍受的鹹度上限，再鹹一點就會覺得太鹹。湯頭本身就有很足的香味，而我選擇30%的油脂量對我來說也是剛剛好，喝湯時可以喝到油脂的香氣，對我來說如果油脂量再往上增加就會覺得太膩，湯裡有擺放些許的高麗菜及蔥花，可以解膩及增添整體風味。麵條是比較偏硬且有嚼勁，大口吃麵時可以咬到一根一根的麵條感，不會整束麵糊在嘴巴裡頭，但吃起來有點像是有麵鹼的味道。標準的麵量很適合一般正常食量的人。叉燒肉偏瘦但有帶有帶一些油脂，軟硬適中，吃起來不會很乾很柴，味道也很足夠。叉燒肉因畢竟因為需要事先煮好，最後要盛盤時才會擺在碗裡才送到客人面前，所以叉燒本身的熱度和整碗拉麵的熱度會有一些落差；如果喜歡吃熱的叉燒，建議用餐時先把叉燒浸在熱湯中一下子，先吃點麵跟喝點湯，讓肉跟湯的溫度比較平均後，再來食用叉燒，感覺會比較一致。店裡整體環境很簡潔明亮，位子不算太多(不曉得是否有二樓用餐區)，桌子上有筷子、衛生紙還有調味料可自取，檯面上也有冰開水跟杯子可以自行取用。服務人員很勤快也很親切，店的位置離捷運公館站算滿近的。
日式料理,拉麵,ChIJPcmlg4upQjQRk6lTJ-goJ5w,Mr.拉麵野崎家,原本有些期待，但吃了就滿滿負能量上升,服務普，長相普，品質普...震撼腦髓,炸雞很好吃，其實沒感受到google評論裡那麼糟的體驗,難得給負評一定要說明一下理由，抱著期待的心情來這家拉麵店，等了約莫40分鐘，別人比我們慢來的都上菜了，我們卻繼續等，小朋友餓到哭，等沒關係，但我們抱怨了一下為什麼別2桌比我們慢點的都來了我們怎麼還沒來，店員的態度很差(女生，男生不會，我是針對那個女服務員)，她問了問下個單是我們的，好，我們繼續等(通常店員應該是跟我們解釋就好，我們可以接受)，接下來終於來了，她麵竟然用摔的，是因為麵碗是鐵的碗就可以這樣摔嗎？，我們已經等了一肚子氣看到麵用摔的更不爽！接下來才是食品評論：麵湯頭太甜，似乎是被太甜的腌筍乾破壞，叉燒乾柴醬油口味的拉麵太鹹無法喝湯炸雞很大塊有汁還可接受，但是沒有胡椒鹽之類的第一口會吃得到雞的腥味以上我！不！會！再！去！了！員工訓練有待加強，員工素質……,今天點的是極.Mr拉麵，叉燒很好吃，湯頭太甜，台式甜。吃到一半才發現菜單上說可以調整口味，店員可能忘記講了。時隔一年路過再來，這次點的是熊本拉麵（加黑蒜油）。再次好奇湯裡到底加了多少糖
日式料理,拉麵,ChIJA38vuIqpQjQRC7h-cQ9L0Dc,極麵屋-豚骨/公館拉麵/丼飯,今日首次到本店用餐，座無虛席菜單選擇多到不知道要點什麼，店員熱情主動為我們介紹拉麵湯頭濃郁且帶有層次感，配料豐富，麵條Ｑ彈有勁，以這個價位而言，ＣＰ值很高十分推薦套餐叉燒小丼的組合半生熟的蛋，攪拌後融在飯裡頭，真是人生極大享受！店員態度十分良好很有禮貌，出餐速度迅速，且隨叫隨到，效率很棒，值得讚賞！辛苦了！,點了豚骨拉麵跟叉燒飯套餐，不貴吃的口味算不錯的，份量足夠吃的挺飽的,跟前任來過幾次，不知道他會不會看到評論應該不會吧，麵還行但希望他跟人吃飯不要一直滑手機這樣很難聊天,拉麵店有素食，但可以更好麵體好吃，很Q可是他放蔥花……麻煩查一下什麼是全素以及加在麵裡的豆皮可以不要是甜的嗎？我是吃烏龍麵不是豆皮壽司…味道很不搭,東西不錯吃，價格也還OK只是服務生一直聊天不理人有點……招手第二次才終於有人理我……
日式料理,拉麵,ChIJW-iwFoupQjQRiu9M_0_8bac,鷹流東京豚骨拉麵-極匠,味道很濃郁，份量有很大真的吃很飽,超讚，蒜味很重,蛋比麵還鹹,20200413『濃湯極匠肉肉SP』湯頭略鹹，背脂與蒜泥溶進湯裡讓層次變得豐富麵條介於粗細之間，Q彈且吸附著滿滿的湯汁加麵則是細麵，相對硬了一點反而口感正好筍乾摻著一絲辣，或許是想與鹹味做出區隔溏心蛋潤嫩且半熟度佳，整體的「拉麵感」十足惟環境有些吵雜，空間呈現沒有情調的昏暗20200530『濃湯東京豚骨拉麵+溏心蛋』比起肉肉SP，這份量實在少得可憐一小搓豆芽、幾根筍乾和相對多的蔥末味道雖然不差，但這樣的份量實在愧對價格尤其叉燒僅有極薄的兩片，當然無口感可言若不另外加點溏心蛋，會越吃越心寒蛋滷得極入味，味道與熟度都很好麵條吸汁能力優秀且口感Q彈不過硬加了一球正常硬度的麵條依然保有相同水準湯頭順口略鹹，但若非如此，吃完會很空虛,非常道地的日本拉麵
日式料理,拉麵,ChIJ12ZbGeypQjQRSYEx1ae3Uts,墨洋拉麵,湯頭口味獨特，肉質鮮嫩，值得一試,湯頭很有層次但是店內擁擠湯超少,IG:Ludybaal【墨洋拉麵】極上貝貝拉麵+溏心蛋麵硬&泡系雞豚拉麵+溏心蛋麵硬加半匙鹹&究極炙燒星鰻海陸tka&炙燒北海道生食級干貝&日式燉煮蘿蔔還有免費享用的豆芽菜！【墨洋】早在我的拉麵清單上最近看到許多網路文章在介紹提前半小時到店前空無一人想說可能是平日中午大學也還沒開學緣故殊不知開店後往後一看變成大排長龍極上貝貝清爽的醬油帶點貝類獨特的味道紫洋蔥咬下的香氣帶點提味很符合大眾叉燒片軟嫩不過印象的特色較少細麵麵硬滿成功的口感溏心蛋是成功的流質液態感干貝就是干貝泡系雞豚喝起來十分滑順開頭的鹹濃度算是偏輕柔的因此尾端的感覺則是適中的不過以這是加半匙鹹的情況下原設定應該是更迎合大眾口味的個人其實甚至會喜歡更濃濃郁一些也說不定而且豚骨的味道在後期越趨明顯雞叉燒肉小小塊但肉質表現還不差究極叉燒飯表現則十分亮眼叉燒碎塊偏大且疑似帶點筋還是哪個部位口感分成軟嫩帶點咬勁個人是喜歡似生肉般軟嫩的口感不過這個也算很棒的另外比目魚側腹混在其中較無感覺不過我想就是添加口感層次豐富度美乃滋與炙燒的使用沒有一般叉燒飯之多較不鹹但香氣還是存在就可惜沒那麼熱而生蛋黃的加入使得整碗飯滑順不少星鰻的感覺倒像是配角沒有甚麼好說的一碗120真的很超值可以為了飯專門前往蘿蔔的部分不同於關東煮的既定印象切成薄片即便口感偏硬但是十分入味聞得到淡淡的柴魚香以及味覺的調味滿好奇怎麼烹調的一份10元是真的不貴免費的日式豆芽更是解膩的好幫手大概拿了四五次吧我想整體來說是喜歡的而且也推薦店家的口味應該是偏向台灣大眾口味沒有那麼重鹹但有需求也是可以反應的高人氣的排隊人龍是值得的而且價錢在日式拉麵中也不算貴個人滿喜歡的,豆芽很乾又難吃湯要回甘不回甘的感覺像在喝比較好喝的海水感覺很不舒服肉還行但就是太薄雖然有4片但看起來像1片的量吃完真的不爽加麵他的碗設計就是讓湯很少麵加不下去整體來說我超失望虧我看到評分很高才去的不知道是洗出來的還是怎樣干貝有3顆是唯一好的東西也是他們買現成的東西......麵就算了我不是細麵粉店員服務還不錯按服務鈴馬上有回應這個店我本來想打五星給別人踩雷抱著不能只有我吃到的心態但我還是忍下來了因為他評分已經被洗那麼高了沒差我還是打一顆星讓這則留言比較醒目好了,捷運公館站，墨洋拉麵，佩蓉說喜歡秋天，於是帶她來吃秋天的滋味。「你這臭宅以為有蟹黃就可以打發我嗎？」她一臉鄙視地看著我。殊不知，這在業界是一種獎勵(沒①餐點。泡系蟹黃雞豚拉麵。叉燒丼和海鮮結合的濃郁湯頭，讓人忍不住大喊一聲好好味啊！雞肉很特別，不是一般的雞叉燒部位，唯一可惜的是豬叉燒擺盤略崩。叉燒丼普普通通②座位很多，有兩層樓但二樓冷氣好像有點問題③服務無④氣氛音樂很優雅，是別有一番風味的約會場所⑤能否訂位不可⑥服務費無⑦價位160起⑧評分這是一家還想再來吃的拉麵店，也是一家適合約會的拉麵店。◆滿分十分我給九分若有粗麵會更棒，#公館#合大#捷運#MRT#網美#約會#Date#美食#food#拉麵#Ramen#墨洋@墨洋拉麵
日式料理,拉麵,ChIJd_KXmIupQjQRRLfmqJ3ppUA,頑固石板料理拉麵蛋包飯,跟垃圾渣男去過，他說跟他來過這家店的人都跟他斷掉了，活該，真好笑。,不要看到想說菜色很多樣就進去了真的稱不上好吃……點炸蝦蛋包飯結果不是炸蝦是炸蝦捲==；牛肉味道也像組合肉炸豬排超不行沒點排餐所以不知道味道可是大家就是對自行斟酌哈哈哈哈,服務員很酷，一個人送餐但是卻超快速，雖然冷冷的沒什麼笑容但是態度卻很好食物不錯吃,份量滿多的，不是走精緻路線，但cp值很可~,餐點普通，原本感覺都還好，進門消費時店員還熱情招呼，結完帳出去不到五分鐘小孩突然肚子痛想上廁所，想說回去店家借廁所，結果店員以用餐的客人要使用果斷回絕，還要我們自行到對面店家借廁所，感覺瞬間差掉，也讓人見識到所謂的現實面……不推
素食/健康,素食,ChIJn-RB6oqpQjQRTBPsvDY6QF8,公館夜市【素食鹹酥雞】,素食者可來試試喔，全都是素的，一解無法吃葷食的鹹酥雞的嘴饞喔,不太愛吃素食的我。只要有路過公館附近。我就會遶過來這邊買當初單純的好奇。買了一次後覺得也太好吃了吧！鹹酥雞跟羊肉的部分就算冷了還是很好吃。外酥內軟不會太油。而且老闆的胡椒粉應該是特別調過的。加上去提味了很多另外蔬菜香菇類也炸的很好吃。不過這個比較適合現場吃。外帶回家太久菇類容易出水。導致外皮不夠酥會變濕濕軟軟的。而且份量給的很足夠。一份鹹酥雞一份香菇其實就蠻飽的蠻推薦可以去試吃看看。不會有素食的那種怪味道,素食鹽酥雞味道也不錯,難能可貴夜市中有素的鹽酥雞給素食者享用.調味很棒，還有加九層塔，非常好吃.所以常常會來光顧.週末要排一下隊.(老闆動作很快，所以也不用等太久)平日就還好.豆干因為只對切，感覺味道比較淡。,這家店開得挺晚的，剛好沒吃晚餐就來了，滷炸皆可，價格中等，份量大，要小心不要點超過，老闆人很好，調味也不會太重
素食/健康,素食,ChIJfWS1j4upQjQRcetn4MZu_pw,如來素食樂園,菜色豐富，味道可口，食物很多樣是手工做的，頭家親切，櫃台買的飲品健康好喝，是台灣大學附近最棒的素食自助餐館，兩層樓，在樓下用餐特別安定,"因為關注找蔬食的youtube,認識了植物奶！但到今天才有機會來買燕麥奶！還順便買了他們的素食便當！天吶！一吃就愛上！也第一次喝這種植物奶才發現原來這麼好喝！下次放假一定還要去添購另外老闆服務態度超親切感覺良好！",在公館地區，最好吃的素食自助餐廳，價格也比別家便宜，老闆娘服務親切，店家也賣些好吃特別的商品，如：粽子，豆漿，自炒的花生米等等……，老字號的素食餐廳，讚！,去那裡吃晚餐，順便在那買了燕麥奶、花生和果仁，快打烊了，老闆還送一碗紅豆湯，我平常不吃素但下次還想再去吃。,個人覺得這間是精緻美味的素食自助餐，乾淨衛生，有甜點做的素食，糙米飯也很好吃，還有一些素食製品販賣，推薦各位前往品嚐看看~
素食/健康,素食,ChIJn7vz44qpQjQREU3WqZK7GPY,大家素食,菜色多，推薦湯麵類∼,今天點了一份小碗的臭滷麵60元，真的很好吃！（我選的是一般的麵條，推推∼）雖然座位不多，但是能愛地球＋價格非常親民又＋可以吃飽，下次會再回去吃∼,選擇還蠻多算還不錯吃。但是裡面一位平頭男性員工態度很不好，問了3次就是不回答，很沒有服務精神，也沒戴口罩。,當歸麵、香椿石鍋拌飯跟臭豆腐蓋飯（軟濕的）都激推！色香味俱全！極為驚豔！,三年後再訪都沒漲價，店內環境稍嫌不優但cp值高
素食/健康,素食,ChIJLZVZNNapQjQR5yY748Vr6cA,素食麵線羹,
素食/健康,素食,ChIJbyUYe4upQjQR_lNK-f2kOv8,料理王健康素食自助餐,"這裡的菜色非常豐富，食材很新鮮,廚師很會料理及配色,服務人員也很親切，非常推薦的好地方",便宜、菜色豐富。但除了清炒和川燙類的蔬菜，其他幾乎都過油。,菜色豐盛口感不錯，用餐環境座位擁擠,每天都吃這家！菜色很多重點是綠色蔬菜沒了都會馬上補調味也不會太油太鹹有甜湯和鹹湯可以自己裝價格我覺得已經算很便宜了∼加上離宿舍很近推推推,東西好吃，價格平易近人，服務人員非常有禮貌
素食/健康,素食,ChIJ8wtUD4upQjQRAvHhb-IbO3E,新卡莎素食西餐廳,老闆娘人非常親切，東西好吃。餐點都自己純手工做的。不叫現成的。老闆娘滷豆乾玉米濃湯非常好吃。對待客人像自己家人一樣好。謝謝老闆娘給麵包小姐鼓勵。,店員一直引導式點餐，直接設定客人要點什麼餐點、湯品的口味，難到店裡只有煮南瓜嗎？不尊重客人的意見。收碗盤也不量力而為，一次全拿，是要打破嗎？,很棒的素食西餐廳，環境優美有氣氛，已開20年，價格合理，餐點種類豐富，主餐有素排餐、飯或麵，可以單點或加購套餐。每次來都很喜歡，闆娘很親切可愛！,東西好吃（本人吃葷的）也可以接受，只是燈光太暗有點悶，老闆娘很熱情,今天是第一次來新卡沙，因拗老公請客去吃大餐，本是要一家四口一起去，因女兒有事，就剩兒子和尪陪我去，一進去老闆娘就親切招呼，點餐時，老闆娘也很實在的建議點餐，甚至還說，點太多吃不完，別浪費。真的就是好可愛，而且老闆娘和老板知道我是慶祝生日，直接就說(送你一塊蛋糕)，真的好高興，今天真的覺得好高興，又有家人陪，又吃到好吃的餐點，又遇到這麼親切的頭家，真棒，下次會再去。
素食/健康,素食,ChIJC3j59oupQjQRH7rZvc7lWbk,蒸夠臭素食蒸臭豆腐,老闆人很好，臭豆腐很入味，每天都想吃！！！,老闆娘態度很不友善。忘了在點菜單上寫上桌號老闆娘就很不高興。選了桌子還要罵說為何不選其他桌。莫名其妙。我來光顧還看你臉色。這家我連一個星都不想給。這種待客方式留下極惡劣的印象。不但不會再去，也不會推薦。台北好吃的餐廳那麼多，我寧願介紹其他餐廳。做生意不是這樣做的。,不錯吃,旅行中避開上班族的用餐時間，在飄雨的中午吃上一碗清蒸臭豆腐和素香飯，休息一下，體力迅速恢復！,兩位男生服務態度不佳，東西也很普通，不會再去了
素食/健康,素食,ChIJWbQXwoqpQjQRpggh9z5EWD0,公館VEGAN麻辣臭豆腐,點了道臭豆腐口味：豆腐本身中規中矩，但裡面孔洞多，可以吸許多湯汁，湯有麻辣臭豆腐湯頭該有的水準，喝下去會有稍微麻麻的尾韻，天氣冷時喝很讚。另外湯頭雖然味道偏重，但喝完完全不會口乾舌燥，因為店家熬湯採用大量紅蘿蔔等天然食材熬製，大家可以試試看。份量：跟連鎖口品份量相當，但便宜30元，cp值很高。再來講講老闆娘，談吐很有氣質，看得出來對自己的店很有自信，但卻不是驕傲，特別是很願意傾聽顧客的一些建議，我覺得很加分，希望這間店能開的長長久久,真的超好吃，公司就在附近，偶爾累了會找主管溜出來吃,用餐時段生意很好∼但店家也不忘幫內用客人安排位子。,香到心坎的豆腐臭而辣麻鮮到喉頭的湯底慍且甘甜公館第一素食臭豆腐當之無愧！,太好吃了！小菜也好入味，這麼晚還有素食宵夜可買真的太幸福了
素食/健康,素食,ChIJ9w6J70ipQjQRYZj_G-csbFo,小蔬杭絕對蔬食(台大二活店),素食做的很精緻，口感很好。,空間明亮舒服，餐點也好吃，服務親切！,菜色多樣也好吃！,（本次是吃桌菜）喜歡各式各樣的開胃小菜：醃漬番茄金佶、苦瓜、木耳、桂花南瓜、桂花芋頭，都很有特色∼最愛臭豆腐馬蘭頭！外皮酥脆，臭氣十足∼香椿煎餅也好吃∼湯很清甜甘醇，小甜點的芝麻外皮脆脆的，搭配紅豆抹茶內餡，糖度剛剛好，整體沒有雷，都∼好∼吃,這是一家特色的蔬食料理，是家庭聚餐好去處，我們是只有三個人的家庭，偶爾會去用餐，小朋友最喜歡松子菜飯和厚蘿蔔糕，山藥芡實粥是我先生的最愛，還有各式點心，像蔬菜餃我們也是每去必點，之前還有請吃葷的家長一起用餐，他們也讚不絕口哦！！
素食/健康,素食,ChIJe4cE6qipQjQR2UmbYuJQubw,金湯匙豆花坊素食簡餐便當/台北美食/台北豆花/台北便當/台北剉冰/台北推薦餐廳/台北小吃,喜歡猴頭菇排。好吃。,外送經波折終於吃到，感謝老闆的佛心及貼心注意備註，遠在橋的另一端吃飽喝足，滿心感恩,【foodpanda外送】這次和朋友一起點了foodpanda外送。素G排鐵板麵套餐-$130猴頭菇排鐵板麵套餐-$160非常驚艷！原先在平台上的照片看起來只有麵和一些菜和主餐，沒想到送來居然有一大盒青菜！覺得蠻划算的∼也有附湯。青菜都很好吃，小塊的醃漬蘿蔔非常清爽，整體不會覺得太油膩，有菜有素肉有荷包蛋。麵的調味是有點胡椒口味的，一點點辣辣的。還要飯類可以選擇，整體來說覺得乾淨又好吃∼推薦嘗試！,杏鮑菇咖喱飯真的差評根本迷你菇不只少又小塊，加些咖喱醬馬鈴薯就要100塊呢!!!!就不說咖哩醬也不是很好吃了,除了素食簡餐，也提供自助式服務，菜色新鮮勤更換，最棒的是白飯可以自己添，這點勝過其他素食自助餐館許多。而店家也有提供招牌自製豆花及冰品，是盛夏時分消暑的好選擇。
素食/健康,素食,ChIJ3w5fIOyrQjQRj-DLqFROcvI,藝素佳素食,被驚呆了，這樣只要50塊！地點比較隱蔽不容易找到，但真的非常值得為此花點時間精力尋找∼感謝Google帶我尋到這麼一個好地方！,價美物廉，服務人員親切，感謝校園提供美味素食，吃在嘴裡暖在心裡。有你（妳）們真好！感恩(),50元可以吃飽的素食而且還不錯吃,學餐暑假整修後，份量變很少夾起每道菜還要抖幾下還在夾子上的才給你高麗菜最誇張，只有幾片9/12留真的變比較少9/20留,麵跟菜都給的蠻大方。炒麵+3菜=50，經濟實惠！
素食/健康,素食,ChIJefszjImpQjQRqZJVCqfXrhM,食香園素食館,佛心素食店家補充蔬菜一定來這飯也可以選擇多一點或少一點讚讚,台大校內cp值超高的素食菜色多樣可供選擇,平價美味分量充足主食選擇多員工十分友善,工作人員親切友善，飯菜份量多，選擇也不少。加一道菜加$10。,份量十足且還有胚芽米的選擇！許多男生甚至要選擇飯少，口味較為清淡，佛心價的素食選擇。
素食/健康,素食,ChIJub2sVompQjQRf8TOJJd6BaA,開心農場素食店,菜色多樣老闆娘人很親切,超級推薦的公館素食！老闆娘人很客氣很溫暖也是一位疼孫子的阿嬤！超級可愛！咖喱G絲麵很推薦，自助餐區的食物也都超好吃，ex：蒸蛋、鹹菜炒竹筍、梅汁蕃茄、炒花椰菜、炒蓮藕片等等！價格也非常實惠！還提供免費的紅豆湯，裡面料超多，有紅豆、綠豆跟麥片，真材實料，不會因為是免費的就只有湯沒有料！真的很喜歡這家店，完全是來公館必吃的！,大學在台大唸，學生時代生活費很少，一天三餐加起來只能吃100元左右（兩年前），因為太窮了夾不了太多菜，開心農場的員工都會貼心多夾一點菜給我，讓我得以溫飽讀書，最喜歡吃這裡的麻醬麵還有紅豆薏仁甜湯，很常來這裡吃飯，這是學校附近少數能吃飽的平價餐廳，還很好吃，想起來就忍不住感動落淚，人吃飽之後真的會比較正向，吃不飽會sad，真的是宇宙定律。,平價素食美食，老闆待客親切。可惜座位稍嫌擁擠了些。,好吃價格實惠。自助餐一碗飯10元吃到飽，內用還有免費紅豆甜湯可以喝！
素食/健康,素食,ChIJPVVVVSmqQjQRE_DCJyEaJoQ,3IdiotsToast&Curry三個傻瓜蔬食印度餐廳-公館店,很好吃！很喜歡全麥土司的香氣每個禮拜都來已經吃了6種口味了！還沒有吃到雷的哈哈最喜歡的是∼咖哩杏鮑菇跟菠菜乾酪菠菜真的很多！每個禮拜都來享受一次異國風情！_(`」∠)_,最喜歡咖哩餃和中東蔬菜拚盤感覺廚師們都滿用心的服務人員也滿親切的只是坐位比較不舒服有些擁擠結帳可以刷信用卡或付現沒有加一成服務費但遇到印度籍的店長（還是老闆）結帳卻不給發票這樣不是太好吧其他店員都會給發票耶,地下室的用餐空間有點擠，坐起來不是很舒服各式醬料是三傻的強項全麥土司很出色，外酥內軟Q建議土司選鹹的口味，甜的口味像蘋果肉桂，旁邊搭配的醬料是非常甜的巧克力醬，吃到後面有點單調,第一次光顧，是平日午餐時段來的餐點是花椰菜馬鈴薯咖哩飯餐點美味，又是素食的印度咖哩更難得商業午餐更划算，CP值高,公館分店較適合三五朋友談天若想要餐廳氛圍會推薦南京分店兩間分店外面都有三個傻瓜電影屁股座椅可以拍照/無肉飲食原來也可以很好吃大力推薦印度塔麗一次享受三種不同風味咖喱茄子口味的吐司味道很特別不怕茄子的人必點/雙人套餐999吃得很飽份量很足
速食,速食,ChIJG8cuwCmpQjQR8q_v0jsbfAI,漢堡王公館店,生意興隆，服務熱心,少數還吃到的漢堡王的漢堡,用餐環境大而舒適餐盤回收區也很乾淨不髒亂華堡超大一個超好吃很推薦辣薯球也是必點,看運氣，今天負責做餐點的人員生菜多給的有感。希望老闆能鼓勵員工這麼做。非常非常感謝給我生菜多的員工。,星期五人太多了雙層鱈魚堡塔塔醬加太少了魚排也被放到很乾薯條也是被放到有點乾希望可以在忙碌之餘可以多留意餐點品質希望能回到剛開幕時的高水準
速食,速食,ChIJ6fT12YupQjQRxhugLfbofCw,肯德基KFC-台北台大餐廳,超值美味的炸雞與蛋撻，真的很可口。,機器點餐後到櫃檯還要再點一次，太浪費時間,真的真的太讓人失望了!現場排隊等點餐的速度慢到令人髮指，前面只排了兩個人等了15分鐘還點不到餐旁邊的機器也一直有人在點餐，所以我比較早來就要比他們更晚拿到餐的意思嘛？大家亂轟轟的隨意站在門口進去的地方，還是有客人詢問才有店員開始整頓預定取餐的人以後絕對絕對「不會」再去了你們「做不到」供應那麼多餐點就不要接那麼多單!!這只是在降低我們顧客對你們的評價和消費你們累積起的口碑，在我心中「肯德基現在只是店很髒又讓我不想再去的速食店」罷了,17：50使用網路快取線上點了一盒蛋塔，預計18：05取餐，到了現場，店外停滿學生們的腳踏車，店內人山人海彷彿百貨公司週年慶。店員一直忙著點餐出餐沒停下來過，但餐怎麼出，都是自助點餐跟現場點餐的餐，現場等後快取的客人已經把店塞得滿滿滿了。終於等到18：45，經理才出現在快取通道，開始消化快取的餐點。其實他們都已經包裝好放進櫥櫃了，但就是遲遲不願呼叫快取的號碼，我為了6顆蛋塔等了40分鐘，真的是非常划不來~以後不敢在這個門市使用快取服務了,使用優惠代碼真的很優惠
速食,速食,ChIJ5Zls-surQjQRqMbV9NmeCVA,麥當勞,"這家店是我在google上的第一個低分...（要得到這個頭銜真的不容易）內用看櫃檯沒人就上去等,準備點餐時，另一個小姐突然叫我到旁邊用機器點，然後我後面的人（用機器點的）理所當然去我前面付帳，覺得很不舒服！我說我已經在這裡等了，你們這樣先給自助點餐優先權很不合理，那位小姐還回說我們有標示自助機優先結帳，所以「妳要等所有機器點餐的人結完帳才輪到妳....」了解是疫情的原因希望可以自動化處理，但服務態度真的不ok，學一下古亭分店的做法吧....這裡我應該是不會再想內用了，對麥當勞的印象也變差了....",強制用機器點餐，這沒問題，平時我有用過。但你們機器設計就是有問題啊，這次我想用甜心卡消費，裡面就是沒有相應選項，沒問過根本不會知道怎麼操作，詢問的時候女店員很沒耐心也沒講清楚，按錯的時候妳有走出來引導沒錯，但就一副“你怎麼不會”的態度。說要單點A區，然後要選櫃檯結帳不能在機器結，櫃檯會補上B區贈送的品項，很顯然這是為了貴店強制機器點餐的規矩，但又要配合程式沒有的功能，設計出的無邏輯流程，這不是為難你也為難我嗎？但我過程客客氣氣的，你作服務業的怎麼好像比我還為難的樣子？真的令人不舒服，用甜心卡的客人好像是次等客人。後面想換麥當勞報報都不敢問怎麼換了直接放棄，第一次在麥當勞這樣被對待。,爛到不能再爛的一間麥當勞分店，櫃檯沒半個人再等餐點跟結帳。但依舊很堅持要顧客到後方使用自助機，然後兩個店員在櫃檯交談。請問是以後都被機器取代，變成沒有溫度的地方了嗎？,寧可叫有消費的客人不要多用一個位子放東西，也不請完全沒消費，開心吃外食、看影片的老阿姨讓出她佔住的兩個位子，讓人覺得欺善怕惡。,喜歡自助點餐
速食,速食,ChIJ5Zls-surQjQRtQ0XFunyOtY,麥當勞-台北新生店,1樓座位看不到什麼，略過..B1就比較熱鬧了下午時段：容易看到學生在座位上親親我我，或是大膽一點，舌吻跟揉胸都有晚餐時段：常常看到OL用餐，或是可以聽到不同公司的八卦消息（講的很大聲，不想聽都不行）宵夜時段：午夜遊民+喝醉酒的中年人+因失戀在哭之騷年+辣個男人在角落座位看手機尻槍+.....（任何情況都會發生）結論：本店適合社會觀察家前來用餐,7：00訂餐8：00寄外送中email8：20多換樂送app顯示為已送達8：30多拿到餐點，只剩微溫拿到餐點前沒有發票完全不知道要打哪家電話詢問，歡樂送客服也是9：00上班，好哦^^（不怪外送員，他感覺也很累，但希望店家如果單很多就乾脆不要接算了^^）,非常爛的品質，每次外帶東西都會少，打電話過去都還要問自己可不可以過去拿，等他們外送來，都已經餓死了，10次有五次都是如此，請大家小心，一定要對清楚東西是否齊全,好涼,空間大，整潔，半夜沒事的時候很適合坐著吃宵夜再去附近散散步
速食,速食,ChIJY6x2PnqpQjQRVnnCCNQyKgU,頂呱呱,"很久沒吃頂呱呱了.....今天和朋友一同去用餐,發現整個雞脖子炸的好乾...完全沒有美味可言,阿勇雞塊味道很淡,如果口味較重的人可以需要一堆醬料來彌補...但他們沒有提供醬料,所以只能用胡椒來補一下味道,炸地瓜普通.感覺酥雞攤賣的會比較好吃...果然還是讓它留在記憶中的味道比較美好.",等餐等超久手腳慢態度差收一收真的比較快那麼貴又不怎麼好吃不會再光顧了想花錢受氣的就來,只有一天的買一送一活動非常棒，若能像麥當勞這樣1個食物，1杯飲料，銅板價就更吸引人了，頂呱呱，不錯，好吃,店面座位不多、清潔，走道算寬敞，附設洗手間，店服務態度很親切，有各種優惠選擇，最愛呱呱包，台式炸雞也很入味,超過205年的台式炸雞老店。不只好吃，還有吃情懷。
速食,速食,ChIJR4y1_YapQjQRIDCaUBb7ZC8,摩斯漢堡台科大店,早上7：15分左右到摩斯台科大店店員蔡先生態度很差，也許是上早班沒睡飽？還以為日式商家會很注重禮貌與態度部分看來是沒有。點了藜麥海洋珍珠堡，吃過20次以上的摩斯，第一次！第一次吃到焦黑的堡！！！拿去問蔡先生，“請問這個焦黑是正常的嗎？能不能換一份餐點”他居然回答那是“正常的”從頭到尾一句不好意思或是任何解釋都沒有！！！花了105元，買一個焦黑的堡！？味道很差還有焦黑的碎塊！許多店家也是學生當職，但都非常專業親切，摩斯是不是該好好審視一下店員訓練的部分？無論是否是不是學生！！！！,糟糕的服務！點一樣的餐點，卻先給後面的客人，先後順序都不懂？請提高員工素質！,有99元特餐(3塊薯餅、紅茶、漢堡)，很讚!,只能使用現金、三倍券及摩斯儲值卡支付。,"下午4點多買了小薯和紅茶去冰,小薯外酥內綿密好吃,摩斯標準冰紅茶好喝"
速食,速食,ChIJm4r2zYupQjQRldQ-jLPXeIA,麥當勞-台北台大店,我吃了你們炸了十多分鐘的雞翅我覺得我會早死,冰旋風超少而且水到不行,薯條少冰旋風少服務態度差,一個要價不菲的蕈菇安格斯黑牛堡才拿過去旁邊餐廳吃沒幾步路裡面散得跟土石流一樣店員也一副要就來買不要拉倒的態度要不得啊,因為時常會有學生來吃，所以這裡的客人較多，需要等待，重點是他的餐具需要加1塊錢
速食,速食,ChIJNRcMdoupQjQRAYT5kFVHru4,胖老爹美式炸雞-公館台大店,中午大概2-3點去，完全沒客人(可是有外送單)所以直接點餐後慢慢等。以我個人的份量而言，我覺得可以直接點1份雞排好過點2份雞腿/塊，費用比較划算味道維持一貫水準，不賴。另外試了1份山藥卷，個人不是很喜歡外皮的糯米有點硬硬的。不過吃了才發現原來山藥適合做甜品~,連兩天買不同家炸雞發現雞塊比別家小可惜忘了拍照希望只是意外事件,買了3份2號餐，拿到家已經過半小時多，還是超好吃！皮薄脆、肉嫩多汁∼配上可樂超讚！家人吃得很開心老闆們也很親切∼,傻爆眼...縮水太嚴重了吧從來沒有見過這麼扁這麼小的雞塊。一個腿一個雞塊居然能塞在裝車輪餅大小的紙袋裡，看到超想哭，體積只有半個雞排大。2號餐，外加一小罐可樂$95多給一顆星因為現炸多汁的水準有保持。,老闆很親切，比一般去到的其他分店態度好多了！
速食,速食,ChIJJ07sEIupQjQRkXeWp79RI0s,台大美食-魔法雞排(魔法炸雞)外送、下午茶、宵夜、鄉民推薦、必吃美食、公館商圈必吃、鹹酥雞、鹽酥雞、香雞排,爆漿雞排89$其實也沒有很爆漿應該算大塊外皮感覺是用麵包粉炸然後跟大家評論一樣店員態度不予置評,收銀態度差，點餐時及取餐時再三確認的麻辣雞排完全沒辣。,雞排中間空心？雞排肉很薄都是骨頭，有一個怪味是香料嗎？真的不推,有多種雞排選擇，口味獨特。,好吃，但是店員態度差
速食,速食,ChIJP-2ZnJmrQjQRcFz9rO-5VJM,肯德基KFC-台大卓越餐廳,雞肉Juicy，薯條好吃。卓聯大樓外頭的陽台很適合野餐。用校內證件可以打九折，但可惜無法用網路上的優惠券。希望餐點品項可以再豐富多元一些。,餐點等很久要等這麼久也不事先通知店員還拿蛋撻去把妹雖然不關我的事啦跟大家分享一下而已單身女孩可以來吃如果你缺一個肯德基男友的話,不能用優惠卷、品項少又要等很久。我不知道這家店存在的意義是什麼阿嬤都想問你雞是現養現殺嗎？,有台大證件可享有9折優惠，但可惜的是供應的餐點比起外面的肯德基少很多，沒有烤雞腿堡，也沒有冰奶茶，也沒有生菜沙拉，還有優惠卷皆無法使用，也沒有悠遊卡套餐的優惠。缺點已經掩蓋9折優惠，對於沒有台大證件的人來講完全不值得來此。,店員親切說是準碩士生還沒有學生證還是給我打9折(附上吃完的兩塊炸雞餐)
速食,速食,ChIJ_fgu74qpQjQRV5eybiCdT-I,祥滿速食餐坊-清蒸鮮魚,料多實在!食材很新鮮~我最愛吃的就是紅燒肉!一定要現炸超香超好吃!海鮮火鍋的海鮮食材一就是下重本~用料是很實在的!我有訪談了一下老闆~他們家的毛利率不高~可見得他用的食材成本都很高!!每次路過一定會進去吃一下冬天一定要吃海鮮火鍋，料多CP值很高！加上自製辣醬超香辣！十分滿足,清蒸虱目魚肚便當120店家的清蒸是較偏鹹的路線，與我想像的不太相同，但是魚肉很大一塊今天選擇的菜色是豆腐、龍鬚菜、胡蘿蔔炒蛋、滷蛋，其中較喜歡豆腐，其他就是便當菜，胡蘿蔔勾芡稍稍多了點，米飯的軟硬度正常而湯料很豐富呢！以飽餐一頓來說足矣-----2020/12海鮮湯100海鮮湯的湯料很實在，湯頭也不會過鹹，還有加入一些青菜，青蔥&薑絲給的也不少，很滿意蝦子有2隻鮭魚有3、4片，切薄片，肉質不老鯛魚有3片，也軟嫩好吃花枝有7小塊，口感軟Q有嚼勁鮮蚵有6個，飽滿沒有腥味今天用餐發現忘記帶錢...老闆娘竟然讓我先吃改天再付，真是人間處處有溫情吃完就立刻回家拿了餐點美味超值，老闆娘又善良大方，推,海鮮火鍋（附白飯）：（鮭魚、鯛魚、蚵仔、花枝、蝦子）五種海鮮+高麗菜讓湯頭鮮味清爽冬粉被湯汁吸收飽滿，吃的時候充滿海鮮的味道聽說可以另外客製化海鮮火鍋海鮮炒麵：海鮮味不會被醬汁給蓋掉，快炒還有保留鮮味還有免費的湯在旁邊讓客人自己使用喜歡吃辣的朋友，可以試試很香的辣椒醬（辣椒+豆鼓）,"海鮮火鍋，料滿多的湯很鮮很好喝，還有蛋冬粉跟白粉，可以吃很飽。結帳可以支援使用linepay,Taiwanpay,街口,悠遊付等很方便。",料很多、CP值高，有豐富的蛋白質裡面還有冬粉，$150的海鮮火鍋整體吃起來比較清淡海鮮炒麵$100也是料多，麵條有入味好吃不過因為在市場裡面，環境比較沒那麼好
速食,速食,ChIJNRcMdoupQjQRfxaD3Bz5bng,何太守港式菠蘿包專賣店,今天公司下午茶，爆極難吃...好像在吃餐包上面鋪超甜奶酥不過店家態度很好,只是剛好去台北玩兩天一夜要搭車前看到冰火菠蘿很想吃吃看（真沒吃過）一吃直接愛上為什麼只有台北有什麼時候台中也開一間生意一定會很好的真的好好吃,已經造訪兩次！酥脆的菠蘿麵包加上內餡，個人覺得比饒河夜市的好吃，麵包很香，總是覺得太小不過癮,菠蘿油的本體口感很好不過拿到的裡面的奶油是真的很冰剛吃有點硬但是我覺得不影響整體美味,麵包跟奶油感覺普通，菠蘿有糖粒的莎莎感，買了兩次，真的覺得不好吃台大附近有很多菠蘿包店，這家論味道跟CP，我覺得都是倒數第一、二名
速食,速食,ChIJXeWWloupQjQR3W0uyzTM6uI,豬兒子漢堡店,空間讓人很放鬆愜意沙拉有特別醃製過，清爽又沒有一般沙拉會有的生味米飯偏硬我蠻喜歡的漢堡排調味有些淡但是份量超足（飽到不行）而且真材實料，吃得出不是用調味包或醬料小菜辣味十足，很開胃,我點了120元單片肉的蘋果豬漢堡，拿到的時候沈甸甸的被嚇到，超好吃味道好搭！！漢堡裡的馬鈴薯泥也很讚！！這cp值在公館附近的漢堡店中真的最高。,蘋果醬配豬肉的味道很搭完全不會膩而且光是雙層份量就很驚人絕對吃得飽值得一試！,我是點單層蘋果醬起司豬漢堡，漢堡整體是偏長型的，份量紮實，重量驚人，很大一個卻也不覺得會吃膩~~吃完還有點開胃xD下次可以試試看別的口味!比較可惜的是座位只有兩個，而且是在戶外~~大部分可能還是要外帶吧>,我就是尬意這種老王賣瓜的感覺啊∼屌屌Der漢堡∼ㄎㄧㄤˉㄎㄧㄤˉ的好朋友啊∼攏來攏來∼你給我錢我給你一份真心誠意堡∼
速食,速食,ChIJZ3dYjCeqQjQR4oYu4Y0hbWI,摩斯漢堡台大小福店,結帳很慢，點餐的店員有時候在發呆，問了我兩次要點什麼最後還是做錯的，人多的時候突然跑去泡咖啡，前面幾位的顧客有一位點完餐沒有被出單，一直沒做他的,我的藜麥漢堡沒有藜麥，出餐的時候還少給漢堡，點餐等超級久的，很差欸,這家摩斯是我吃過有史以來最難吃的一家，如果業主沒有想要做好摩斯該有的品質的話就請離開小福換一家好吃的餐廳。,結帳超級慢特餐明明就可以另外先結店員只會裝死,這家店的管理出了問題：(1)尖峰時段人手明顯不足，未聘足夠店員(2)出餐順序亂七八糟，誠如其他評論者的留言，店員對先後順序沒有培訓過，相同餐點(例如當日特餐)往往出現先點餐的人，卻被漏掉或是隔了很久才能領餐。3.建議摩斯漢堡總部徹底派員親自蹲點徹查這家店的營運情況、提供員工再教育、補齊人力。消費日期：2020.7.2下午1時左右今日先給一顆星，我就是明明前後都一樣點特餐，卻前後都領完我還在等候很久的客人。未來若有改善，或摩斯官方有出面提出改進措施，給星再做調整。
