general_type,specific_type,place_id,name,review1,review2,review3,review4,review5
西式/美式,義大利麵,ChIJ7bzsvIWpQjQR_7znp7ehwPQ,發現義大利麵,意大利麵以這種銅板價格價格來說真的好吃！湯還可以，飲料就不用了！cp值真的不錯！,選擇眾多，每天也有不同的品項會有折扣，是不錯的平價義大利麵選擇，另外會附飲料、濃湯和麵包。,以前對這間店是很有好感的，但是這幾次光顧下來，服務品質變得不敢恭維，我能夠理解中午人多所以出餐比較慢，但是12點35分點完餐，到了13點15分才能拿到餐，整整等了40分鐘，這未免也太誇張了吧！加上後面比自己晚到的人，反而先拿到餐，這一點就令人完全無法忍受了!,非常平價，湯還可以，有麵包跟飲料，口味很不穩定，這次點的白醬很鹹，吃的很膩,118常駐店。份量很大，男生也可以吃很飽！有附湯品、飲料。
西式/美式,義大利麵,ChIJzUlT0i6qQjQRxdfM8tM4QJs,格芮潘義式創意廚房,外帶吃到一根頭髮,之前吃起來都還不錯，但這次去環境不知道發生什麼事，裡面的座位桌面都是不知名的排泄物，也沒有清，看到直接倒胃口，之前還蠻常吃這家的，以後應該不會常來了。,很好吃！！尤其是焗烤乳酪金針菇超奶超好吃！店員服務很好店內提供的玉米濃湯也很好喝，不會水水淡淡的。,口味一般般，如果你對義大利麵的要求有一定水準不建議來這裡，不過如果你想吃多一點那這裡的加大份量一定能滿足你,基本不錯，吃了十年了吧，雖然漲價了幾次，但義大利麵的口味都沒變太多，用炒的真的很香，特愛香蒜紅染系列XD
西式/美式,義大利麵,ChIJD_lknCiqQjQRVGHx1rKAMAQ,貝菈小屋,三訪的好吃義大利麵店!今天點的是培根蔬菜義大利麵，每條麵都充滿培根的香氣，收汁收得很好，更難得的是麵體仍然Q彈，不會因為料理時間久而軟爛。現做需要等待，例如清炒就會從爆香開始，跟外面強調料多但不入味的調理包很不一樣。以學生來說價位高且份量少，女生來說八分飽，男生吃的話建議加大。但還是很值得，很好吃!,杏香辣雞義大利麵（醬跟麵體都絕頂，料也均衡，建議加麵）,地點近台大，方便聚會。餐點美味，服務親切。蛋糕也很美味。,對學生來說價格略略高，但我覺得餐點跟服務都很棒~老闆娘很親切！我點的青醬雞肉味道很好，青醬濃郁雞肉也很嫩~附送的湯也好喝~,餐廳用料實在，是真心為客人把關食安的好店家。餐點好吃，吃得出店主堅持不用調理包及含有添加物食品的用心。
西式/美式,義大利麵,ChIJyZVhyy6qQjQRwfSyA51_YQk,麵工坊義大利麵大安店,四人的套餐很不錯，有前菜、主菜、飲料多人聚餐很適合，環境很清幽服務很不錯，也很迅速，多點笑容會更棒,某次中午用餐餐廳內出現大蟑螂，女店員只是叫另一男店員出來拿噴槍火烤蟑螂，知道餐飲業很難沒有蟑螂，但店員明明知道我們目睹這幕（我們這桌有人嚇到彈起來離開座位）也沒有過來向我們致歉，態度跟衛生都需要加強。,優惠能當次使用更好不然太客家了而且內場人手不足出菜速度超級慢得等太久了,這麼難吃又服務態度差的店當然不能只有我知道,今天帶孩子去吃，孩子都很喜歡蕃茄義大利麵讚不絕口，Pizza、薯條和炸雞都很好吃，甜點兩款都好吃，姪子很愛巧克力布朗尼，店員雖忙碌但還是很親切，難怪顧客源源不絕。
西式/美式,義大利麵,ChIJu1lFmSuqQjQRk53G7FFCMNo,29號館義大利麵,老闆都會回覆評價，代表會重視顧客。套餐有湯/麵包/紅茶/沙拉(未選不評價)今日點了白酒海鮮/白酒蛤蜊(大)/白醬雞肉先說濃湯，濃郁且看得到蔬菜，麵包烤的酥，小孩讚不絕口紅茶可加大，但不能續杯。白醬雞肉筆管麵，醬汁中等，不會過稀，但也沒有濃到滿嘴奶香，小孩倒是吃得挺愉快。由於是初次到訪，環視四周年輕客居多，對於餐點份量跟品質沒法想像。不過海鮮跟蛤蜊麵上桌後，欠缺那種令人食指大動感覺，辣椒的確很辣，但是點綴的蛤蜊跟湯汁，綜合而言，像是吃辣椒炒麵+蛤蜊或海鮮，份量加大跟未加大相比，單純視覺上而言，似乎差距沒有這麼明顯。店家經營有其成本考量，但重視評價當然希望變得更好。建議把加麵跟未加麵的份量至少要讓顧客「有感」其次若能加強擺盤，或許材料的點綴感能降低些最後，飲料如果能改為免費續杯，就算吃不飽也喝飽。以上,我點了青醬蛤蜊+雞肉，味道還可以；當天店內坐滿一半，等了25分鐘才出餐,"店內太熱了,雖然坐在電扇前還是熱.CP值一般,服務客氣但不親切",點了奶油蛤蠣麵，奶油味很淡，麵量有點少,東西好吃，可惜份量略少，老闆娘很酷
西式/美式,義大利麵,ChIJAZ9JQSqqQjQRBghptcqL5Oc,格拉齊建國店,豬肉丼不錯吃,平價義大利麵及飯類，主餐約90元起跳，可自取紅茶和檸檬水，出餐速度快，義大利麵份量普通，餐點比想像中好。,女性服務員看似靦腆而態度好，男性服務員身材高挑而態度有待加強建議不要一個人去，因為會被強迫安置在門口，一個人的座位，面對身前身後來來往往的人們而自己埋頭用餐，你會感覺:)想滑手機？食量大如運動族群，一份通常不夠，吃完一小時會餓一直叫，旁邊有人就很尷尬，不過300差不多就能吃飽了，不會太貴,平日中午店內沒坐滿，也沒有很多客人，但卻還是硬把兩人同行的客人安排的很擠…餐點的部份算中規中矩，算是還不錯,快速簡單，麵條偏軟，日常換換口味的好選擇
西式/美式,義大利麵,ChIJUcEGgSmqQjQRYCaPCUjkuHo,ANTICOFORNO老烤箱義式披薩餐酒,杰兒45歲生日特別訂在瑞安街上的老烤箱義式披薩餐酒館慶生該酒館在2017年獲得義大利紅蝦評鑑（類似米其林的評鑑）在台灣只有8家義式餐廳獲此殊榮一進餐廳濃濃義式風格撲面而來柔和的燈光小小整齊的餐桌還有外場帶著濃濃義大利英語的中年大叔將手機中的餐點圖片拈手就說讓我們覺得好親切餐廳用餐客人一半是外國人餐點如下松露小姐披薩餅皮是薄脆邊上是焦香松露醬蘑菇起士手工香腸搭配得異香撲鼻真正義式窯烤披薩吃得過癮南瓜燉飯佐牛臉頰肉雖然飯有點硬但牛臉頰肉確實是比牛肉好吃有爽爽味鴨肉醬配手工雞蛋寬麵吃前淋上些許起士碎末涮嘴義大利麵包沾橄欖油紅酒醋或岩鹽老麵發酵吃來有咬勁提拉米蘇義大利經典甜點做的不錯但如酒能用義大利西西里島的Masala血橙酒那就更完美了因為餐廳有換桌限制每桌用餐時間1小時50分我們在平日尚且如此星期56日根本訂不到位子必須早一至二星期前訂才不會向隅因為好吃我們下次會推薦點帕瑪生火腿搭蜜瓜醬與炸麵團瑞可達乳酪蕃茄綜合海鮮魚夫燉飯鯷魚醬手工直麵狂水紙包魚栗子乳酪蛋糕與烤蜂蜜堅果這家我們會常來因為每季都會有新菜單勾引著我們這些老饕,"2020/11/26四訪.之前用餐都留下很好的印象.陽光燦爛晨泳後再度前往.可惜當天有位短髮中等身高的女侍者服務上明顯有些瑕疵.1.帶位時提到稍後需要擺放嬰兒車態度不置可否2.介紹菜單沒有熱情還略顯不耐3.吧台區等候不時聽到她用力敲打義式咖啡渣(好像在發洩情緒,非一般力道)4.後來與一位常客有說有笑,還邊喝著手搖杯飲料(服務不專業)5.用餐期間過來數次打擾提及營業至三點,結帳倒是很勤快6.最後只有在我們離開餐廳時才勉強擠出個笑容招呼.餐點仍然令人滿意,口味與一般常見的義式餐廳更顯特色.希望可以改進上訴缺失(無論是她身分特殊恃寵或優秀員工調往新開的店).另外聲明本人並非近期在評論上與貴店發生爭執的那位DavidYang,只是純粹同名.",這是第二次來AnticoForno了因為第一次用餐印象非常好所以媽媽的生日就選這裡了第一次用餐是帶著狗狗找餐廳經過時覺得店面質感突出而且戶外有座位所以就詢問帶狗是否能在戶外用餐結果店員說可以坐裡面啊而且不用裝籠我們有點受寵若驚進去後發現餐廳內是舖地毯的真是更感動還好狗狗一直都在我腿上安靜乖乖的內心充滿感謝這氣氛精緻的一間餐酒館願意相信初次見面的狗主跟狗狗讓我們在室內有這樣美妙的體驗連我都狗都覺得不可思議她也能氣質的吃義大利餐因為這裡的餐點除了精緻好吃品質優以外還多了驚奇感所以媽媽的生日就決定在這裡慶祝了嫩煎章魚腳荷蘭豆甜蝦刺身燉飯松露小姐pizza自家慢烤香草豬都很優特色也好吃我們自己帶的生日蛋糕是店家幫我們配好餐具點好蠟燭端上來的服務非常貼心大力推薦,很好吃推薦cheesecake以及提拉米酥Cheesecake非常推薦！,"非常推薦這間餐酒館！一開始去很想吃的松露pizza,果然不辜負客人的期待！松露味非常的濃郁，再加上現烤的薄皮crust,真的非常好吃。Pizza上面的起司和佐料比例也平衡的很好，這道必點！前菜點的是Figs,Cheese&honeycomb(抱歉真的不記得全名）-這搭配真的非常順口，跟服務人員推薦的白酒非常搭。主餐的豬肉也是被非常用心的烹調了-外面的皮非常的脆，跟內層豬肉的軟嫩形成一個很強烈的對比，是非常有層次的一道菜。最重要的是-他們的價錢非常合理，讓人覺得是CP值非常高的菜單。所有的服務人員們都很熱情和貼心-我第一次在餐廳被人問（因為手上東西很多）需不需要幫我把手上濕答答的傘拿去外面放(謝謝貼心的學文）。可以感受在這裡工作的人們都非常熱愛他們的工作並很用心的招待客人。謝謝你們美好的服務，真的是一次很棒的經驗！"
西式/美式,義大利麵,ChIJbWZX5CuqQjQRWSO_bCWVuks,Vitalit義式廚房,環境氣氛不錯，適合聚餐。沙發區的桌子高度略矮，但整體坐起來很舒適。前菜的上菜時間比其他主餐要晚一點點，但還能接受。餐點味道非常足夠，也不會膩口，義大利麵麵條的部分偏硬Q，口感也足夠。甜點的布丁與提拉米蘇香氣跟口味都很剛好，會想一口接一口。,1.出餐速度超慢-兩份主餐間隔約40分鐘，前菜甚至比第一份主餐晚來。目前吃過煮最久的白酒蛤蜊麵，麵體過糊有炒麵的既視感2.太貴，吃店租的，完全不能理解高分評價怎麼來的,飯與麵類的非常好吃口感跟味道都有細節認真松露很香起司味道有層次骰子牛的洋蔥也有特殊處理過很多道菜都很用心Ps.外場妹妹有夠可愛可能是老闆女兒,出完主餐開胃菜才上菜。兩道同時點的主菜相隔超過40分鐘才上菜。食物的內容和價位不成比例，義大利麵麵條使用的是炒麵而非義大利麵一樣，千層麵的口感則和99元義大利麵相仿。是被評價騙進來的，超不推,食物整體都很好吃，義大利麵條有嚼勁。小缺點是主食還沒吃完，就上了甜點。
日式料理,咖哩,ChIJlQatoPGrQjQRB1x_P6NW-qA,雷咖哩LesCurrys,據說提拉米蘇很厲害、因此特別點了，菜單上面寫有加蘭姆酒，不過這是我史上吃過酒味最濃的提拉米蘇，第一口挖下去就可以發現裡面的內餡非常的濕，我想應該是酒加比較多的關係？喜歡酒味的可能會喜歡，而對酒精一般般的我只能說是尚可接受囉！本次重頭戲還是在主餐的咖喱飯，不愧是主角整體真的是超滿意！配料也非常有誠意～鷹嘴豆＋番茄＋小黃瓜＋紫洋蔥，搭配濃郁的咖哩非常契合！馬鈴薯泥＋咖哩粉調和的非常的棒，讓人一口接一口很想再多吃一點，淡淡的薑黃飯搭配咖哩很對味，小辣的咖哩剛開始入口吃得到一點類似果香的微酸甜口感、而後帶來濃郁的咖哩香料味道，辣度後勁有點強，只是小辣我已經頭皮略麻（也因阿緯平常不太吃辣)，加點的溏心蛋可惜的是蛋黃有點熟，對於以往吃到半熟的溏心蛋相比有點扣分，主餐的牛肉非常好吃，慢燉的牛腱心中間帶一點筋但在嘴巴軟嫩化開十分美好～，唯一私心就是希望牛肉可以再多一塊比較滿足啦！！＊google斜槓阿緯看blog看更多,炸魚咖喱（劍魚非旗魚）魚塊厚而不柴且多汁沙拉孜然調味地瓜泥不會過甜飯有點硬醬少量不多味道不重愛醬的可加點增量優格味明顯適合不愛的咖哩單點魚咖喱240屬氣氛好餐精緻味道也行,咖喱香料味很重個人不太喜歡，但是甜點好吃、提拉米蘇酒味超濃、布丁超好吃，吃完布丁超想再吃一個！,據說甜點師傅開的咖哩店原先很擔心是被咖哩耽誤的甜點店但咖哩好吃程度根本跟最近吃的通庵咖哩並駕齊驅同樣是香料味走在前面的咖哩類型可惜的是八點多到就幾近售罄牛肉咖哩也沒有了下次有機會真的要來吃吃看牛肉的而甜點師傅的甜點也完全沒有讓人失望從咖哩到甜點都有細膩用心製作的感覺#雷咖哩#lescurrys#黃芥末羅望子炸魚咖哩飯##curry#咖哩###curryrice#咖哩飯#南瓜起司蛋糕#起司蛋糕#cheesecake###大安區#台北#taipei#台北#taipeifoodIG:ismshh,結論：推薦重口味香料咖哩愛好者前來嚐鮮，甜點也是不可錯過的品項，店面位子較少且需注意開店時間，以免撲空。空間和服務：店面稍小，多為兩人座和少許吧台區，不建議太多人一同前往，想要來訪的人建議抓好開店時間前往，比較不會等過久。餐具和水皆為自取，但因店面較為狹窄，來回倒水或拿取餐具時略顯侷促。有時候會有當日隱藏菜單，在櫃檯點餐時都可以跟店家詢問，店家都會親切解說。餐點：來訪過兩三次，吃過香料咖哩和絞肉與咖哩拌炒而成的乾咖哩，口味各有獨到之處，香料味濃且重偏重口，不是日式咖哩的稍甜口感，十分推薦喜好香料咖哩的同好來品嚐。配菜有鷹嘴豆和醃菜，用來解膩，搭配起來剛好，份量看似一般，完食之後卻十分有飽足感且美味。甜點：每日甜點稍有不同，會寫在小黑板上，如果比較晚到可能還會有完售的狀況。吃過提拉米蘇和布丁，味道都十分香濃順口，是店家自製的甜點而非一般批發而來的，來此享用咖哩之餘，強力推薦要點一兩道甜點作為這餐的完美句點。
日式料理,咖哩,ChIJIeDdzC6qQjQRNSWr3s9zET0,靚咖哩,炸魚有很重的腥味咖哩口味還可以雞肉才四塊附上的紅茶喝起來已經沒有茶味很像糖水應該是水混得太多比較嚴重的是用餐環境真的需要加強不是很推薦,餐廳過度安靜、感覺衛生沒有很好，氛圍不太佳，餐點還可以,咖喱口味濃厚，送餐速度快。店內位子不多，空間偏小，樓梯設計有點陡，要自己小心,詢問素食能不能吃回答可以喔結果有洋蔥,好吃，不貴，朋友推薦的果然很棒
西式/美式,牛排,ChIJg6PDhy6qQjQR0ukjicjzGWo,澳客炙燒牛排,有態度的牛排，好吃。麵包香蒜得剛好，濃湯也不賴。唯店裡有些小飛蟲...若可以改善一下，就滿分。,餐點品質一般般，就是平價能夠想像得到的味道，濃湯、大蒜麵包、飲料都是台灣人熟悉的平價款，但以商業午餐的價位來說已經很親民有誠意了。厚切里肌豬排確實夠厚，會分切成兩半以方便食用，口感以這價位算不錯的了。,內用的濃湯可以加起司粉很香如果吃不飽可以吃麵包大蒜抹醬吐司自己考不過和以前比抹醬變少了,人很多生意很好！我吃不醬的牛排跟鮭魚味道都還可以飲料、濃湯、蒜味麵包都可以自取可以吃到很飽,平價又吃的飽玉米濃湯很好喝大蒜麵包吃到飽但有冷凍過後的味道，有點可惜。義大利麵份量足夠。
西式/美式,牛排,ChIJbUSvSy-qQjQRci9P23xzEpU,紫牛平價牛排,平價好吃上餐快速,平價牛排只要120元,只是一個填飽肚子很普通的選擇，黑胡椒醬不錯，濃湯尚可，其餘都不值得再試。,以台北同價格的相比，這家牛排調味是非常用心的。很多虛有其表的牛排館用很好的牛排卻沒有很好的技術，肉質好肯定不輸到哪去，但技術好，肉質再差都能彌補不足，199元要吃多好的肉質我不相信，但吃粗飽的牛排有這技術含量，吃的出用心。,好過公館某牛扒店，飯任食，肉分量大，價錢親民。
西式/美式,牛排,ChIJvSeCr-yrQjQRca5yiuSP8LQ,人厚切牛排復興店,食，排餐-位於捷運大安站步行約10分鐘左右距離人氣平價排餐店，店內用餐空間乾淨，空間明亮，同時設有湯品/飲品/冰品等自助吧供饕客使用！-。雙拼（雞排+魚排）-本次選擇不加醬（乾煎）方式，最後再加入番茄醬進行調味。雞排本身使用雞腿肉，已經有稍微調味的雞腿，不用特別加醬就很好吃，煎過之後帶點酥脆，肉質也相當細緻有彈性，不會煎烤過爛。-魚排再加入番茄醬之後增加酸甜口感，魚肉也不會粉粉的感覺，切起來也呈現片狀不會爛掉，尚為新鮮！-麵條店家是使用細油麵（常吃的鐵板麵的麵條）放置鐵板上後，略帶點微硬的口感（個人喜歡），喜歡偏軟的同學記得要上餐時迅速攪拌！-。雙拼（雞排+牛排）-牛排的熟度可以依個人口味調整，本次嚐鮮5分熟，肉質軟嫩略帶點血水，吃起來沒有過多腥味，無加入調味料可以品嚐出肉質原本的鮮味！-。牛肉湯（假日限定）-只有假日才會出現的湯品，店家的用料也沒有在客氣，喝起來帶點鮮甜不會過鹹及油膩口感！-。麵包-店內共有香蒜/花生/巧克力/三種口味選擇，可依個人喜歡烘烤，同時店家亦有提供芝士粉，可依個人口味添加！-整體用餐感覺良好，店家用料實在，出餐也很快速，是平價排餐中是個人非常喜歡的店，喜歡吃排餐的同學可以參考看看。,份量大且厚（過癮），還有玉米濃湯、吐司及冰淇淋；逢週六、週日又有牛肉湯；價錢算親民，是平民美食，食量大者可試36oz的牛排～,排餐好吃，服務週到，詳細說明店內各項擺設和餐點，連點399的16盎司沙朗牛排多1元的兩隻草蝦都超好吃，附的牛肉湯隨便舀，肉都比湯多了，誠意十足，值得再來。,今日消費還送大蝦送完換成4條小蝦誠意十足感覺牛排比前幾年來吃長大不少服人員也全部撤換過去年來吃感覺比較有越南緬甸口音這次來感覺提升了些整體感覺雞排也好吃鱈魚也不小片16盎司牛排好吃厚實平價牛排套餐組合算得上超值,有好喝的湯就五星，可惜起司醬不能另外附只能淋在肉上（也不能加麵上
台式/小吃,粥,ChIJX5zNTi-qQjQR6M7TD6_5Q_o,阿英海產粥,晚上用餐時間7:30到店家，店內座位空無一人，準備要點餐被告知要到8:20才會出菜，說是因為電話預約很多。先不論餐點美味與否，如果現場客都不接，店面收起來做線上廚房不就好了！位子是要擺給誰坐？看到很多人一年前就留言抱怨過類似問題，看起來店家可能賺錢照這個模式營運很成功，一點改善誠意也沒有，針對這點極度負評，非常不推薦！,不夠好吃，所以覺得太貴,12/11晚上約九點多過去沒什麼人就畫單了，直接現煮不用等，不是吃飯時間很快老闆娘也沒有評論那麼誇張兇，害我們畫單很緊張，趕快畫完遞單拿到粥趕快離開，哈哈哈！可是很好吃欸，湯很鮮，可以一直喝，小卷也很新鮮，覺得好吃，還有那天是臭臉阿姨最後一天上班，聽阿英羊肉羹說的，羊肉羹也好吃喔！,阿英是紅到我這住在紐約的人都耳聞的美食店回台必吃預約讓很多人頭痛但預約對我來說是有口皆碑的好吃與食材新鮮的證明我自己是很習慣排時間表作息的人所以像阿英這種能預約的小吃店對我來說實在是可遇不可求我也能理解希望能不用預約就吃到阿英美食的想法那就得靠大家更努力支持吃到阿英姐非得擴充不可啊!!!,為啥一間小店要電話預約害我沒吃到注意態度阿對了員工小姐你好我是昨天去的你搞錯了對了謝謝回覆喔祝您生意永遠如此興隆欸：）
台式/小吃,粥,ChIJ4yt0hyyqQjQRA905QCvA3O4,小李子清粥小菜,味道一樣美味好吃，但是有點貴,深夜下了班實在沒什麼東西好吃，朋友建議要來到經營2.30年的小李子清粥小菜吃宵夜，雖然是第一次來到小李子，但是之前就有聽過身邊的人說小李子口味還好，價格高昂，畢竟聽說的事情未必是真的，所以決定接受朋友的建議驅車來到小李子，定睛一看，菜色頗為豐富，服務人員也都蠻客氣的，這場面，這氣氛，管他貴不貴吃就對了，同行四人，夾了不算少的菜，外加傳說中一定要吃的控肉，一趟下來也就七百多塊，不如傳言中那麼誇張的貴，當然也不是像萬華那一帶的清粥小菜那麼划算啦！但值得一提的是，小李子的菜確實很好吃，再裝盤以前也讓人有一種精緻的錯覺，偶爾吃吃會是不錯的選擇！,Am1:30二樓打掃大姐在大家用餐區域掃地。（上樓時帶位服務人員請我們坐這區說另一邊正在打掃），靠近我時，我委婉跟她說可以先別掃嗎？我們還在用餐，這樣灰塵會飛不衛生，她回說“我兩點就要下班，老闆說我必須打掃完”。之後換成用拖把哼著曲還在我的用餐桌旁賣力的拖.............這位大姐真是奇才。離開時已經有向櫃檯結帳服務人員反應，真心希望不要再有其他消費者遇到這樣的用餐經驗。,難得來此點了道紅燒獅子頭，120元只有3顆也就算了，點了紅燒嚐起來根本鹽燒，鹹死人啊，小李子是打算做鹹粥小菜嗎？同行友人一樣都覺得超鹹，還好我只有點一碗湯，第一次破百的湯我會喝不完...當然不能以偏概全否定其他道菜或許是好吃的，但這獅子頭實在令人驚艷，尤其是大半夜的都能吃到這美味的獅子頭實在讓我尤其尊敬，謝謝廚房及其他外場人員的辛苦。,"每次經過人都很多，好奇之下就進來了。主餐區會有阿姨幫忙夾菜，蛋和燙青菜這種是廚房會現做拿到餐桌上給妳。我們倆人用餐簡單選擇一下如圖，地瓜稀飯是免費的，可再加。這餐花了500，個人覺得價位算高，因為也沒夾什麼其實就是清粥小菜，好吃，但是不便宜。人很多，但翻桌率快，不用等很久。整體體驗ok,可以來嘗試一次"
台式/小吃,粥,ChIJtT6JmSyqQjQRwCojfqo_tQc,一流清粥小菜,造訪兩次「一流清粥小菜」，菜色多元又好吃，環境乾淨又清新。清粥一份好大一鍋，搭配各式家常菜，絕能大飽口福。點餐時，只消對著琳琅滿目的比手畫腳，店員就能完整紀錄你的餐點，完全不用「菜單」，記憶力非常了得。每道小菜上菜時，下方都備有「加熱器」，避免餐點涼掉，非常貼心。清粥的溫度也恰到好處，夠熱卻不燙口，上菜時直接就可以開吃，不用小心翼翼地吹涼才能入口。首次造訪時，最令人驚豔的是「豆皮」跟「獅子頭」還有「鮮蝦滑蛋」。豆皮很入味，而且口感厚實又順口，讓人忍不住一口接一口；獅子頭外表看似乾硬，但咬下後汁液噴發，口感豐富用料又實在；鮮蝦滑蛋則餐如其名，即便是個蝦仁，卻也鮮嫩肥美，滑蛋順口且不腥。第二次訪店時，平時不吃魚類的我，還是嘗試了「鱈魚」，非常新鮮沒土味，不過有魚刺還是滿討厭的。雪裡紅則滿足了兒時的味道，好久沒吃到的雪裡紅，每一口都是思念。,好吃，氣氛佳,素粥70元，還可以，口味很淡幾乎無味無鹽的那種。不過環境乾淨，大碗。素粥全素，裡面有青菜香菇豆皮蒟蒻。,本來以為是一般自助餐，結果點三樣菜跟我說要260元，我有說我要的是一個人份，真是莫名其妙，我從來不給餐廳負評，但這間不給負評還真是對不起我自己！,很多粥可以選，家常菜。下午四點有開，我正好想吃就是他了
台式/小吃,粥,ChIJvcujSy-qQjQRto5ZJCZwlM4,源士林粥品（台大店）,有夠難吃，海鮮不是冷凍的就是罐頭，蚵仔不新鮮到令人想吐，不會煮飯甚至不用心準備食材可以不要出來賣吃的嗎？,當下會飽但很快就餓但好吃而且不會太貴旁邊便當五星,蔥蒜海鮮重口味系列-大哥大（90元）,開始也有便當了，我覺得綠藻的粥很特別。,腥味有點重，蝦仁不知道是不是不夠新鮮還是煮太久，被舌頭一碰就散的程度，老闆很熱情所以加一星
飲料/甜點,冰品,ChIJPVZjNkurQjQRmQaNxdLSAy8,秘方雪人兄弟和平花園店SnowBro,端上桌吃三口就全部融化了幸好可以加冰整體來說cp值偏低我點挫冰四種料70元有點貴很紅的杏仁粿味道還好黑糖粿也沒有很驚艷芋頭還不錯給滿多的這個價錢可能是買了料但冰本身真的普普通通還是說紅的是這家的雪花冰我點錯了？,或許價格沒那麼親民，但食材的用心與衛生都是能吃得出的實感，特別推薦自製的各種糕系列。,環境乾淨整齊，每種料都擺放在玻璃櫥櫃後面，室內空間設計的很好，牛奶雪花冰本身偏甜，牛奶香氣很夠，外帶冰品的料還會分開放，每種料都滿好吃的，是個很舒適的小冰品店,很常來吃的冰品店！今天點的是冬瓜挫冰4樣料+煉乳80。一般挫冰來說算中間價位，不過用餐環境好，有加分,下午時間去選料芋頭沒了，然後聽到我後面的人在抱怨這次來又沒芋頭，似乎是準備的量不太夠，芋園和地瓜圓要分開點.......店員用完後才知道有分粗冰細冰，也沒問我，然後選擇糖水看了一下沒黑糖都是一些我不愛的感覺味道淡的糖水，隨便選了一種果然整體吃起來沒啥味道，這樣的剉冰要70價位偏高。
飲料/甜點,冰品,ChIJjwZ6tVarQjQRYetPz2HfYRY,喝冰U茶飲冰品店,好喝的鳳梨冰茶，有果粒還有塊狀鳳梨呢居然有豆花跟傳統黑糖剉冰耶，還可以自選料下次一定要嚐嚐,有紅豆湯就給讚茶飲也好喝啦^^,有咖啡水晶凍就加分,老闆娘很可愛~飲料很好喝,男友很滿意黑糖與料
飲料/甜點,冰品,ChIJ__tghC6qQjQRUBvaNLc6xbA,回溫豆花飲品,蠻好吃的,午後吃個豆花消暑，配著蕃薯圓芋圓、粉圓、薏仁，飽度剛剛好，糖水不太甜。豆花+3種料，50元。,假日小充電站豆花很好吃，最喜歡杏仁口味。價格合理，老闆很親切。,外帶料很少，內用料比較多，口味普通，吃完冰手黏黏的詢問可否借個水洗手老闆不給洗，很沒人情味。,2019.10.18=★★★☆☆古早味豆花，豆花略有焦香味，配上糖水十分討喜；店內空間跟環境不甚佳。＝＝＝＝＝＝＝＝＝＝＝＝＝＝＝＝＝＝＝＝＝吃完史大華，來到教育大學附近吃豆花。12點整剛到時，看到店面略顯老舊，又看到沒客人，略感猶豫。店面位置不多，只有6-7張椅子，店裡面有點油蒿味，影響食慾。花生豆花(40)芋圓(5)上桌，看到糖水上面一層油光，古早味豆花；仙單吃豆花，豆花略帶焦香，豆味濃但單純，有點不討喜，但是搭配很有層次的糖水不錯吃；沒加冰，但是糖水的溫度略冷，Ok的；花生有咬感，有豆香；芋圓，吃起來口感有點怪，具體描述，好像咬開後裡面會綻開??有芋頭香氣，感覺是認真做的配料，就是隔夜口感稍嫌走調，4.5分。
飲料/甜點,冰品,ChIJWz91NS-qQjQR-bSpyNZyFgM,尤媽媽甜品屋,照片有三張，以下分述之：綠色一大坨的那個是抹茶雪花冰：60元。可以選三樣料，料是鋪在最下方，所以從照片中看不出來。雪花冰的口感真的很讚，但要特別注意的是，由於雪花冰的份量不少，疊得又高，吃的時候要輕輕地挖，否則雪花冰很容易大山崩，就像在抽疊疊樂的積木一樣，請懷著謹慎的心態來食用雪花冰。另外兩張照片拍的是黑糖刨冰：55元，可以選四種料。小弟謹在此鄭重地向各位推薦這家的芋頭，又綿密又香，吃完爽到快飛上天，芋圓的表現也很不錯。重點是店家給的份量滿大方的，常常發生刨冰都快吃完了，但料還有一堆的情況，55元這個價格絕對是公道價中的公道價。,料很多價格也很平民，尤其在這種黑店林立的區更加難得,份量很大方，紅豆、芋頭、粉圓、湯圓口感/口味都很不錯，甜度適中，孩子非常喜愛:)在台北算是非常值得一吃的冰品店!,芋頭的口感很好，配料的選擇多，價格也很適中～,店家服務親切，產品清潔衛生。
飲料/甜點,冰品,ChIJveJFkS2qQjQRplS6S5rj-Vg,IDea創意食坊,null
飲料/甜點,冰品,ChIJwVbMZmSrQjQRG1Ao8Puhicc,方最茗品,若是開在住家/公司附近，應該會成為不時到訪的飲料店((還好都不是，飲料還是不要喝太多假日外出覓食，無意間發現的文青飲料店，內部裝潢樸素，創業老闆群超年輕，還有很多獨創品項，是別家找不到的。椪糖鮮奶茶：椪糖是台南的名產，能將其加入鮮奶茶中，味道口感肯定不錯。一開始是對這杯很有興趣，但剛剛吃了有些油膩的炸物，奶茶就下次吧柚檸檬露烏龍$50(M)：老闆介紹說這款飲料檸檬部分是使用蜜漬過的檸檬現剝花蓮老欉文旦烏龍茶調製而成，不另外加糖，喝起來口感較為清爽，且為季節限定品項，對於無糖重茶味的人，這款飲料我給它95分啦(少五分是個人覺得烏龍味太淡)喝完非常解膩，還吃得到新鮮柚子果粒，雖然飲料裡加了兩片檸檬片，由於已經蜜漬過，檸檬皮不會因為久泡就產生柑橘油的苦澀味。#推薦大家來試試#期待下次的季節飲品只收現金、無行動支付、無發票無環保杯優惠，但真正做環保不在乎優惠與否,兩次都是點碰糖鮮奶茶（半糖少冰）***第一次喝好驚艷碰糖香氣濃郁。茶、奶比例也剛剛好完全能凸顯碰糖的獨特味道，不搶味。便開始期待再訪。***第二次喝卻好失望！一次買兩杯，喝起來都是茶、奶味壓過碰糖香，喝不出與一般鮮奶茶有何差異！/////希望比例品質能夠更穩定～畢竟推薦給的身邊好多人但是第二次喝完覺得好像推的太早了,很喜歡他們家的鮮奶茶，不同於一般用的紅茶，店家是用伯爵茶配上小農鮮奶，在冷冷溼溼的冬天來一杯，非常暖心。,芭樂檸檬真的很不行！！！我和朋友喝了都很困惑，很像有是微微芭樂味的檸檬水，超級淡又超級稀。因為不貴，我不期待像大苑子的芭樂檸檬那麼濃郁，但是這杯真的太難喝了！才想起來我在剛開的時候有買過芭樂紅茶，整杯也是淡到不行，芭樂味也非常非常淡。要有芭樂系列可以改進一下嗎？真的是很失敗的一次體驗。,老椪糖鮮奶茶加珍珠（半糖去冰，70元）喝起來像黑糖珍珠奶茶，椪糖薄脆。
飲料/甜點,冰品,ChIJmXIR2y6qQjQRFHqZuDFx3nw,MTB米堤銀行｜鮮乳．茶（大安總行）創始店,最好喝的奶蓋沒有之一,"特愛喝奶蓋或吃珍珠，上網搜尋住家附近評價很高的店家～今天要為大家隆重介紹的是大安區很有名氣的一家手搖飲料：MTB米堤銀行!坐擁全台珍奶評價亞軍的他們，主攻鮮乳茶專賣，整家店是以黑色和白色為主，店家還很貼心的在店裡準備了給想休息一陣子的客人的位置區！老闆是兩位年輕的男生，原本在外商銀行上班，後來兩人自己出來創業，菜單上有很多在銀行專業用語，相當富饒趣味!現金特調（蝶豆花/牛奶）$65說到銀行，聯想到最重要的東西當然就是現金啦！因此，米提銀行不只許多飲料都以是名稱為銀行主題為特色，連飲料的外觀也發揮了不少巧思～以千元鈔為主題的現金特調，便是以牛奶為底，在上層加入蝶豆花來呈現藍色紙鈔，整體就是甜甜的牛奶香味。蝶豆花的味道較不突出，但由於是用台糖蔗糖炒，因此不同的甜度調整出來也還是會有全然不同的感受～三八波鮮乳茶$65所謂的八波，就是英文中的""bubble”，而三八波也就是三種”bubble”啦！三種一起咬的口感非常有層次～而且神奇的是，無論是多大或多小顆的珍珠，每顆珍珠的外表都非常Q嫩，而內裡也非常彈牙，咬多不會嘴痠，吃少又不會不過癮！茶香也很特別，是用阿薩姆與錫蘭紅茶特調而成，回甘的味道非常吸引人～剛好與牛奶的味道非常融合！是一款茶味相當突出的珍珠手搖！奶霜碳培鐵觀音$55喜歡重口味的可以嘗試這杯！奶霜整體鹹鹹的搭配小農鮮奶乳的甜，相當和我們的胃口，其奶霜口感吃起來非常細緻綿密，單吃也不會覺得很膩！而茶的部分由於是碳焙，茶的味道會顯得突出一些，但是咖啡因含量更少喔，所以搭配甜甜的奶蓋，剛好兩個互補起來意外的融合～小知識:通常茶葉烘焙程度越高咖啡因含量越低(所以他們家鐵觀音是他們家咖啡因含量最少的茶),另外綠茶的咖啡因較多，所以很多人喝綠茶都不能好好睡覺就是這個原因在菜單上有出現特別的兩個一連串數字的飲料名稱，分別是1127台日混血和0609英國女王，而這兩個數字代表的意義就是兩個負責人各自的女朋友生日～真的超浪漫的！不只這樣，菜單內也有許多其他特別的名字，就等大家自己去一一發現啦！話說他們家2020年開放加盟啦～目前全台含本店還有其他三家分店唷，等著大家去銀行買飲料唷!",買了桂花烏龍鮮乳無糖(加三八波），雖然鮮乳味微淡，但是整體喝起來清爽無負擔，蠻好喝的。珍珠口感Q軟，很好吃。只可惜吃久了會覺得蠻甜的還是會膩。針對個人的口味而言，如果珍珠的甜度再降低一些，就是完美的一杯飲料。,好久沒喝奶了一次喝三杯!!反正是嚴選優質的小農鮮乳就讓我任性地喝的過癮吧喝完的心得就是全部都好好喝想看更多介紹可以查看我的FB/IG0528flora,喝抹茶超級難喝很淡沒有奶味都水味賣$80應該是抹茶+牛奶吧怎麼喝起來一點點牛奶+冰塊+水+抹茶
飲料/甜點,冰品,ChIJhffc2i6qQjQRcEMd2wIyjGc,春山茶水舖,好好喝可是人真的太多很懶得排,喜歡他們的手搖飲~建議微糖&無糖...,可以說是台北少數好喝的飲料店,胚芽奶很好喝耶！超級濃郁題外話：一開始看熱的胚芽奶茶$45我說我要熱的+珍珠（+5元其實蠻便宜齁）店員：熱的中杯哦我想說算了那大杯好了～店員：55元我才注意到冰的大杯胚芽奶$50是說我不太懂店內冰的統一700cc、熱的500cc是什麼概念啦～但是好喝真的喜歡,明明我的號碼在前面，卻沒照順序做，後面7杯飲料跟我點同品項的人都好了...
飲料/甜點,飲料,ChIJmXIR2y6qQjQRFHqZuDFx3nw,MTB米堤銀行｜鮮乳．茶（大安總行）創始店,最好喝的奶蓋沒有之一,"特愛喝奶蓋或吃珍珠，上網搜尋住家附近評價很高的店家～今天要為大家隆重介紹的是大安區很有名氣的一家手搖飲料：MTB米堤銀行!坐擁全台珍奶評價亞軍的他們，主攻鮮乳茶專賣，整家店是以黑色和白色為主，店家還很貼心的在店裡準備了給想休息一陣子的客人的位置區！老闆是兩位年輕的男生，原本在外商銀行上班，後來兩人自己出來創業，菜單上有很多在銀行專業用語，相當富饒趣味!現金特調（蝶豆花/牛奶）$65說到銀行，聯想到最重要的東西當然就是現金啦！因此，米提銀行不只許多飲料都以是名稱為銀行主題為特色，連飲料的外觀也發揮了不少巧思～以千元鈔為主題的現金特調，便是以牛奶為底，在上層加入蝶豆花來呈現藍色紙鈔，整體就是甜甜的牛奶香味。蝶豆花的味道較不突出，但由於是用台糖蔗糖炒，因此不同的甜度調整出來也還是會有全然不同的感受～三八波鮮乳茶$65所謂的八波，就是英文中的""bubble”，而三八波也就是三種”bubble”啦！三種一起咬的口感非常有層次～而且神奇的是，無論是多大或多小顆的珍珠，每顆珍珠的外表都非常Q嫩，而內裡也非常彈牙，咬多不會嘴痠，吃少又不會不過癮！茶香也很特別，是用阿薩姆與錫蘭紅茶特調而成，回甘的味道非常吸引人～剛好與牛奶的味道非常融合！是一款茶味相當突出的珍珠手搖！奶霜碳培鐵觀音$55喜歡重口味的可以嘗試這杯！奶霜整體鹹鹹的搭配小農鮮奶乳的甜，相當和我們的胃口，其奶霜口感吃起來非常細緻綿密，單吃也不會覺得很膩！而茶的部分由於是碳焙，茶的味道會顯得突出一些，但是咖啡因含量更少喔，所以搭配甜甜的奶蓋，剛好兩個互補起來意外的融合～小知識:通常茶葉烘焙程度越高咖啡因含量越低(所以他們家鐵觀音是他們家咖啡因含量最少的茶),另外綠茶的咖啡因較多，所以很多人喝綠茶都不能好好睡覺就是這個原因在菜單上有出現特別的兩個一連串數字的飲料名稱，分別是1127台日混血和0609英國女王，而這兩個數字代表的意義就是兩個負責人各自的女朋友生日～真的超浪漫的！不只這樣，菜單內也有許多其他特別的名字，就等大家自己去一一發現啦！話說他們家2020年開放加盟啦～目前全台含本店還有其他三家分店唷，等著大家去銀行買飲料唷!",買了桂花烏龍鮮乳無糖(加三八波），雖然鮮乳味微淡，但是整體喝起來清爽無負擔，蠻好喝的。珍珠口感Q軟，很好吃。只可惜吃久了會覺得蠻甜的還是會膩。針對個人的口味而言，如果珍珠的甜度再降低一些，就是完美的一杯飲料。,好久沒喝奶了一次喝三杯!!反正是嚴選優質的小農鮮乳就讓我任性地喝的過癮吧喝完的心得就是全部都好好喝想看更多介紹可以查看我的FB/IG0528flora,喝抹茶超級難喝很淡沒有奶味都水味賣$80應該是抹茶+牛奶吧怎麼喝起來一點點牛奶+冰塊+水+抹茶
飲料/甜點,飲料,ChIJhffc2i6qQjQRcEMd2wIyjGc,春山茶水舖,好好喝可是人真的太多很懶得排,喜歡他們的手搖飲~建議微糖&無糖...,可以說是台北少數好喝的飲料店,胚芽奶很好喝耶！超級濃郁題外話：一開始看熱的胚芽奶茶$45我說我要熱的+珍珠（+5元其實蠻便宜齁）店員：熱的中杯哦我想說算了那大杯好了～店員：55元我才注意到冰的大杯胚芽奶$50是說我不太懂店內冰的統一700cc、熱的500cc是什麼概念啦～但是好喝真的喜歡,明明我的號碼在前面，卻沒照順序做，後面7杯飲料跟我點同品項的人都好了...
飲料/甜點,飲料,ChIJqwjYhS6qQjQR4HTbiTKughk,囍庄茶舖,想說要評論發現早就評論過了真的是喝很久的店，出去喝別間都喝不習慣推柳丁綠茶、凍檸茶跟各種冰沙全家都愛喝的飲料店，支持支持/（3年前的評論）飲料真的很好喝，喝的到真實的水果果汁！推薦芒果冰沙，吃得到真實的芒果果肉，夏天必點！(記得選半糖),夏天來嚕~~()最好喝、最真材實料的芒果冰沙就在囍庄茶鋪~~還不快來嘗鮮()還可以順道來看看台版的歐巴老闆哩(),檸檬愛玉酸甜好喝。,不錯喝住附近的話我會常喝價格實在但沒必要大老遠專程來喝,仙草小芋圓很好喝
飲料/甜點,飲料,ChIJMdlHJS-qQjQR5BfbVK3ZMKQ,tcshop,每次都喝小芋圓鮮奶茶最近推的芋頭2號也不錯()喜歡店家親切在送飲料之前會擦掉上面的水珠。,很喜歡店家的青茶，味道很濃郁。店門口有板凳，等待的時候可以稍坐，順便滑一下手機老闆及老闆娘都很親切，謝謝你們讓短暫的午餐時間更美好了。,飲料不錯回購幾次了，但昨天買了蜜檸蘆薈居然喝到一坨不明衛生紙,大學時期的愛店總是點仙冬茶去火期待之後再次回來買飲料,早餐好吃營養又划算！！但人潮沒有很多很害怕之後停賣吃完趕快推薦給同學
飲料/甜點,飲料,ChIJ8ddmN0urQjQRqq7PUMioVF4,日日良選科技大樓店,外送可以透過電話訂餐，透明杯子蠻美的左邊是四季青茶+蜂蜜蒟蒻（+$10）$40右邊是香橙百香綠茶$50整體還算好喝，四季青茶點無糖配上蜂蜜蒟蒻就有甜味了，但百香感覺不太像是先現切的就是。下次會想嘗試鮮果汁/果昔系列。,芋頭鮮奶好喝！無糖單純芋泥的甜味剛剛好芋泥裡也有小芋頭塊而且幾乎2/3杯芋泥,覺得如果要有累積點數的方案就應該主動一點、大方一點我們家平常都是我在購買回家的，我男朋友上次第一次自己去購買，回來卻沒有點數，後來問店員，回應是客人要自己主動要，試問第一次去的客人都會這麼清楚貴店家的遊戲規則嗎？還是貴店家只想做熟客？這次我人明明就都在櫃檯前先點完一杯，結完，都還沒離開，又再加點了一杯，問點數可以一起累積嗎？店員回，不行，要就兩杯一起點，實在覺得無奈我本人是從剛開幕時就會去買到現在，也都會推薦朋友喝，現在這種服務方式實在不敢恭維,店員打完招呼立刻轉身整理杯子，等了半天要點餐時直接被後來的人插隊，店員明明知道誰先到，卻也不聲張，讓人感覺非常差,蘋果青茶好喝！店員服務很棒~會想再去購買
飲料/甜點,飲料,ChIJUV6FAS2qQjQRUthThHvbjbM,清心福全成功店-珍珠奶茶手搖飲料專賣店,店員很熱心服務唷！詢問黃阿瑪的相關加購品，店員很親切的跟我說明，讓我了解！很感謝店員，飲料也很好喝>ω,店員態度真的很差讓人不舒服的消費體驗,店面小到連促銷信息都沒地方擺，而且不耐煩的泡茶男口氣還很差，難道高額加盟費背後附送的SOP沒在教基本服務禮節..！？完全沒覺得清心..果然想清心的話還是到隔壁漢堡店跟軟妹紙點大杯可樂喝、坐著慢慢吹空調比較實在；又或者到全聯買30塊特大瓶的茶理王、再買瓶養樂多隨便摻，保證喝到吐也不用看流氓耍白爛表情..,綠茶壞掉喝起來黏黏的,平時消費體驗還不錯，但中午時段其中一位體型壯碩的店員服務態度讓人不敢恭維。
飲料/甜點,飲料,ChIJVVWJjy6qQjQRNzyW-t0EHkQ,CoCo都可(和平東門市),這邊的飲料店所賣的產品，算是這整條街裡面最好喝的，我覺得他的飲料算是用料實在味道又很棒，我給五顆星。,對附近的人來說是夏天最好的朋友，衛生，乾淨，飲品也算好喝，不過請大家要減糖減冰對身體比較健康。,從點餐到拿餐就是一個好,店員親切客氣有禮貌綠豆沙現打的,一直都很喜歡喝coco
飲料/甜點,飲料,ChIJfRwILS-qQjQRa-f5mDID4Xg,何媽媽手作蒟蒻,以為會很甜結果口感很清爽蘋果醋也不會太酸推薦～～,雖然飲料稍貴，但是超級好喝！,一顆星都不想給，單方面取消訂單，也沒有來電告知(我老早就訂了，怎麼會先賣給其他客人),冬瓜檸檬蒟蒻好順口～很有飽足感！,金桔檸檬加蒟蒻非常讚水蜜桃醋也非常夠味非常醋推薦！
飲料/甜點,飲料,ChIJZb9oaiqqQjQR4aQAovtfeeY,茶鬍BeardCup,咖啡真的是好喝，香。價格又很平價。店員又很nice真心推薦。每次經過都會來杯35元黑咖啡真的是享受啊！,飲料我給五顆星每次有外送大單在做時，現場客人就要等到死，店員兩個人，不會一個人做現場的，一個人做外送的，等到現場客人消掉，再兩人一起做外送的嗎？還是外送真的很急，一定要以外送為優先？刺青小鬍哥到底在不爽什麼，不高興別做。飲料真的好喝，我就犯賤，每次只好受氣等。,一直以來很喜歡薰衣草舒壓茶無糖去冰或熱飲，中杯杯身質感超好！多次回沖味道依舊很濃外送服務可以使用Line訂餐，相當方便貼心！滿額或依外送距離滿杯數也有折扣優惠！同事熱愛焦糖奶茶，也很推薦。,"點珍珠鮮奶茶沒付到珍珠，打去店家說會補送一份""珍珠""、有點扯..珍珠是要拆封膜才能加進去吧?那飲料塑膠封膜機要順便帶嗎?其他店家做錯都會再補一杯或補錢，這家補救方式讓人傻眼",飲料平價又好喝蜂蜜紅茶不死甜不苦澀重點是店員人很好感謝他借我充電線
飲料/甜點,飲料,ChIJhXUmW-OrQjQRM6lN1rAp-uE,布鹿‧果漾新鮮式Bluedeer(大安瑞安店),甘蔗系列不應該再加糖的，請記得一定要點無糖，幸好店員願意幫我加茶，最後喝起來還可以,這些不是冰，真的不是冰，倒過來看就不是冰了不好意思，我不覺得常溫=完全去冰。這下子無法在您們這兒買飲料了。,明明點的是無糖可是喝的時候卻有糖是因為店員太可愛了嗎,「白甘蔗青茶」依舊是常點又好喝的飲品之前來買都是碰到男店員態度有時候不是很好.....現在換了固定都在的可愛店員，店員組長很親切態度也很好之後也會依舊喜歡固定來這家店買。所謂服務態度良好吧，買了心情也好，謝謝。,天氣太熱喝白甘蔗青茶很解渴！抱歉我有選擇障礙謝謝店員的耐心跟推薦啊請問店員單身嗎長的好可愛
飲料/甜點,飲料,ChIJq6qqqoupQjQRYbGXSz3WNEc,九品川,少見飲料店商品都均一價，一般有鮮乳坊和加點錢的初鹿牧場的牛奶可選，完全沒有稀釋過的味道，這杯紅豆薏仁料也很實在，有吃點心的感覺...來公館附近不喝到膩的連鎖店，來這試試吧。,很推的飲料店大杯均$55有鮮奶茶也有很多不同類型的飲料也有販售鮮奶、奶酪、優格,原料超純(牛奶是初鹿耶），高CP值，推！,大杯55元加珍珠不用錢但覺得珍珠不太好吃很硬不推薦加紅玉鮮奶茶中規中矩焦糖鮮奶茶滿不錯的很有焦糖香氣,飲料品質滿穩定的，但人手明顯不足等待時間稍長
飲料/甜點,飲料,ChIJj9igBSyqQjQRIhneEGIUMTQ,眯糊茶,新開的飲料店，裝潢蠻漂亮的，搭客運的話可順便帶一杯走，不過店員態度一開始有點冷，後面才有基本的禮貌。,搭客運順路買旁邊的飲料店面風格復古持客運票或某幾樣票券可打9折不小心賺到的感覺,茶的味道普通，價格很高不確定是因為用的茶葉不好還是調配比例的問題,天氣炎熱，回家路上想買杯手搖飲料喝。發現原來在科技大樓捷運站出口附近的鹿角巷店面，換成一家新的店面--眯糊MIHU，職人手搖茶飲專賣。抱持著嚐鮮的想法，前去購買。店員態度好，點了一杯酸酸蘋果冰沙(蘋果醋風味)，，卻沒有醋酸的嗆鼻味道及刺激，酸中帶甜卻不膩人的冰涼口感，為悶熱的的九月晚上，帶來一絲清涼。若剛好在隔壁葛瑪蘭客運搭車，持隔壁葛瑪蘭車票購買飲料，則可享有九折優惠。下次如果有機會途經此地，我會點店員推薦的奶蓋系列試試。,店員態度很好，現在有憑葛瑪蘭客運車票享九折優惠，剛好回羅東順便喝喝看，點了蓋爽青茶（無糖去冰）
飲料/甜點,飲料,ChIJPVZjNkurQjQRmQaNxdLSAy8,秘方雪人兄弟和平花園店SnowBro,端上桌吃三口就全部融化了幸好可以加冰整體來說cp值偏低我點挫冰四種料70元有點貴很紅的杏仁粿味道還好黑糖粿也沒有很驚艷芋頭還不錯給滿多的這個價錢可能是買了料但冰本身真的普普通通還是說紅的是這家的雪花冰我點錯了？,或許價格沒那麼親民，但食材的用心與衛生都是能吃得出的實感，特別推薦自製的各種糕系列。,環境乾淨整齊，每種料都擺放在玻璃櫥櫃後面，室內空間設計的很好，牛奶雪花冰本身偏甜，牛奶香氣很夠，外帶冰品的料還會分開放，每種料都滿好吃的，是個很舒適的小冰品店,很常來吃的冰品店！今天點的是冬瓜挫冰4樣料+煉乳80。一般挫冰來說算中間價位，不過用餐環境好，有加分,下午時間去選料芋頭沒了，然後聽到我後面的人在抱怨這次來又沒芋頭，似乎是準備的量不太夠，芋園和地瓜圓要分開點.......店員用完後才知道有分粗冰細冰，也沒問我，然後選擇糖水看了一下沒黑糖都是一些我不愛的感覺味道淡的糖水，隨便選了一種果然整體吃起來沒啥味道，這樣的剉冰要70價位偏高。
飲料/甜點,飲料,ChIJfTWPASWrQjQRGvEyaJ5_k4s,御心木瓜牛奶復興成功店,（御）用如帝（心）實真意（木）極優選（瓜）甜如蜜（牛）轉乾坤（奶）質香醇,今天我老闆用Uber訂了5杯西瓜牛奶有一杯因為有人不喝牛奶改為西瓜汁因為有價差店員人很好的主動要幫我們退訂然後送來給我們但我老闆覺得改訂單就麻煩到店家了所以就跟店員說價差不用沒關係總之店員太有心給五顆星星（三天後）今天老闆打電話訂了（我老闆最近很愛喝）沒想到有小點心還送不喝奶的那位特調小飲料真的感受到你們的熱情了真的是很特別的經驗謝謝你們認真覺得老闆會虧又有小點心然後外送員感覺很緊張ＸＤ害我也緊張了（噗太謝謝你們啦！～～～,光從裝潢就看出滿有質感的飲料店，有茶有果汁類可以選擇，點了芒果牛奶跟紅茶牛奶，芒果牛奶喝得出真才實料很濃郁，很順口。紅茶牛奶屬於奶味重的奶茶，有明顯奶香。店員態度很熱情，很Nice的介紹與推薦。有座位區小歇，可以使用街口跟Linepay，還有外送可參考。,喝了好多次囉~這家與一般手搖飲的取向比較不同，以水果為招牌~~不論是木瓜或蘋果牛奶，或者純果汁的西瓜汁，又或者幫助消化的芒果多多都很好喝~~,喜歡這家店的木瓜牛奶.很天然的味道沒有過多的香精感.老闆也很親切幫忙外送到SOGO百貨給我們.大家喝完都讚不絕口！推薦給喜歡喝果汁的人喲！
火鍋,火鍋,ChIJDWGjKiyqQjQREW2vZOXMOYg,原川日式精緻涮涮鍋,商業午餐的肉少得可憐，要價220只有四片薄/小到不行的培根牛；菜盤表現也一般，青菜沒特別新鮮、火鍋料也都很普通食物之外，用餐時間還沒到服務生就來趕人。這c/p值和服務乾脆去吃大呼過癮，還比較便宜,服務周到。只是併桌時若有小餐車在旁邊會更好。票然食材會沒位置放。兩組人會有點尷尬的一直喬空間出來。,點了豬肉拚盤兩種各只有薄薄的5片，CP值低；用餐中埸內服務人員常搞不清楚狀況，櫃檯小姐結帳中接起電話後一直講，讓正在結帳中的客人站在櫃檯前空等，體驗實在不佳。,中午去用餐需多點時間等待可以先吃吃冰淇淋喝喝飲料今天選擇《蛤蜊肉片鍋》肉品有一點點少但是吃得飽所以還好蛤蜊一定大推真的很新鮮很大顆很好吃菜盤份量很足算是CP值中等的火鍋店,點了海陸雙人餐$11xx，肉的品質沒很好，海鮮也沒很令人驚艷...醬料要辣椒，服務生說來不及切，就打發了？？飲料沒啥氣....?？應該沒下次了。
火鍋,火鍋,ChIJI4M1JV6rQjQRDz7ni4ud2zM,依依平價小火鍋,CP值很高的平價小火鍋，有滷肉飯飲料還有爆米花，冰淇淋超好吃，相比起附近其他平價小火鍋的冰淇淋好吃很多。附帶一提冰淇淋是自助式的，我看到有人貪心擠了很多卻不小心整坨倒在桌上，結果若無其事地離開...後來還是老闆自己徒手把那一大坨冰淇淋抓到水槽....當時店裡好像只有老闆一個人，明明很忙了還要處理這種事情真是可憐，給5星支持老闆！,很難得能在熊貓平台上吃到這麼用心的店家醬料包的很用心還有隨餐附紅茶、冰淇淋滿足了外送客人還可以享用店內的福利湯頭好料也很實在~大推啊會在回訪若有時間一定親臨去店裡光顧,價格便宜好吃滷肉飯也好吃！不過老闆只有一個很辛苦！多找一些人幫忙吧！,點熊貓來吃料多便宜CP高覺得很值得留言給店家鼓勵一下沾醬很貼心有辣有蒜有沙茶附餐居然連冰淇淋都送了超感動收到的時候超大包差點以為搞錯了還請外送員告知人手不夠出餐有點慢很抱歉第一次遇到這麼有禮貌的店家而且口味也很正常老闆加油～,海陸套餐非常優惠，內含豬肉跟牛肉加海鮮，飲料跟爆米花無限暢飲，平價火鍋物超所值又好吃，非常推薦！
火鍋,火鍋,ChIJY3YUcaKrQjQRZ1OTdcQlbEo,二本松涮涮屋本館ERBENSONGSHABU大安火鍋台北美食,上週因朋友即將過生日，早早就看好要吃這間在google評價5.0的高級火鍋店，這次總共8人用餐，吃完之後和同行友人一直認為食材確實很新鮮很棒，該給5顆星，但是整體服務流程與品質真的令人失望，盡量客觀的寫出我們感受到的優缺點。【優點】1.海鮮確實非常新鮮，蝦子、九孔等上桌都還在動的新鮮度！2.沒有加工火鍋料，菜盤的菜也蠻多的，肉質部分也很不錯3.兩個大共鍋，8人一起共享8份套餐，但每個人都吃到飽到不行4.店員們的服務態度是很好的5.最後的煮粥好吃，餐點內容不輸橘色，整體而言是真的好吃【缺點】1.因為是8人所以安排在地下室大圓桌，哇一進去完全收訊黑洞，跟店員詢問是否有wifi(因我最早到需要和其他友人聯繫)，店員跟我要走我的手機操作了好幾次，我是不知道為何不能告訴我密碼讓我自己按啦，可能很神祕平常沒對外開放wifi吧，但最後還是沒連線成功，算了，但到底為何要拿走我的手機。2.原先看到這間即鎖定要吃螃蟹，到現場店員表示螃蟹需要預訂，但事前我看過菜單，只有帝王蟹、活毛蟹等需要預訂，上面的青蟳並無標示，並且當下店內的菜單也無標示需預訂。店員只說螃蟹很難保存必須先預訂，我就覺得奇怪，我都事前看過菜單也都訂位了，如果知道要先預訂我不會先預訂嗎？3.後來我和友人點御品海鮮套餐，得知是綜合魚片+半隻龍蝦，想詢問有哪些魚片？店員指著一張照片說，就是那些魚。我黑人問號，我就想知道那些魚是什麼魚啊......接著不只是我遇到，我們幾位點餐點到一半時，店員都會突然消失不見喔，過好一陣子再回來繼續幫我們點餐，不知道是否教育訓練不足，還是我們點的餐有什麼問題需要確認的話，至少說一下不好意思再離開吧....4.這次是預祝慶生有特別請店員幫忙冰蛋糕，吃完之後要上蛋糕時，店員非常貼心的要幫忙把蛋糕放到店內的盤子，看起來更漂亮，可能很難拿吧，端上桌的時候我有看到蛋糕鮮奶油上有明顯一條指印，但這也是小事。比較傻眼的是，店員極度貼心的幫我們每個人先擺好蛋糕店附的餐盤....壽星就問：喔有蛋糕喔？？ㄜ...雖然我們也沒特別說這是驚喜，但...我第一次看到有餐廳這麼貼心先附上餐盤而不是蛋糕....那我提早去準備蛋糕是在忙什麼.....洋洋灑灑一大篇，8人共花8000多元，以CP值來說確實是大勝橘色，但也必須說橘色的服務品質真的很好(剛好昨天才去吃橘色)。不過以食材新鮮度，二本松絕對沒話說，確實新鮮又好吃，如果未來我會再來想必也是為了海鮮。或許是因為我們人多?所以比較慌亂?若未來是同樣的服務流程，真心不推薦。,第一次用餐，五人坐的是地下半開放式包廂，我點的是阪腱牛套餐$680，服務費另加，但服務人員很nice~1.油花分佈較少的部位，吃多不會油膩，肉質軟嫩，醬料只有胡麻醬與清爽的柚子和風醬，喜歡搭配玫瑰鹽的人需自備~2.菜盤種類多，有高麗菜.青花菜.豆腐.地瓜南瓜.國外進口的紅蘿蔔.菇類，比較少見的是皇宮菜.苦瓜，完全沒有火鍋料，很新鮮~3.很喜歡文山包種茶清香，可以一直續泡4.很重刀工的菊花豆腐，視覺是一大享受，用小湯匙輕輕舀起，和冬瓜露一起細細品嚐，不會太甜，豆腐其實口感綿密~5.外皮薄脆的紅豆鍋餅，內餡攙有薄皮麻糬，吃來不會很甜，白芝麻香氣讓整體味道更豐富~,整體而言，還是難得一見的鍋店，菜盤份量和蔬菜種類算是目前吃過最多樣化的鍋店，湯底、醬料、前菜、飲料跟甜點都算有一定用心程度與水平（推薦火腿沙拉）；海鮮部分，比起很多鍋店主打蝦蟹，選擇了差異化主打魚類，蠻特別的，以茶入湯還有飲料有茶的部分也感覺是想做成特色（可惜晚上不能喝）。最後的粥也蠻好吃的。價位大概以同級肉品而言，感覺比一般涮涮鍋店高200-300左右，但多了前後菜等，所以整體用餐感受是有精緻不少。遇到問題店家處理態度也很積極，很認真在經營。建議部分：建議等客人入座後，小菜、開水跟菜盤醬料再上桌比較好，預先放好反而讓人比較有衛生顧慮。,燈光美氣氛佳所有食材都非常好鱸魚。鮮嫩完全沒有腥味前菜甜點和飲料樣樣都精緻服務也很好我選的養生湯底和魚肉海鮮都很搭非常愉快的用餐經驗很超值很推薦。今天又來吃有記得拍照片了只是甜點和飲料吃不下了因為是外帶就沒有拍下來感覺這要是在我家隔壁會很放心讓孩子常常來因為品質很好東西很新鮮菜盤內容非常多樣化有乖乖吃的話就會是營養蠻均衡的一餐價格又非常的超值年輕老闆很用心值得多多捧場支持懶得煮的話就全家來報到吧,本來是在googlemap上看到幾乎零負評的這裡，心想天啊～想必有一定的原因。因為本來就是幫朋友慶生，所以有自備蛋糕，店家非常貼心的幫忙我們擺盤，並拯救了我摔到的蛋糕，真的很感謝帥氣的店員們。還有此次的餐點，我們點海陸餐，真的是鮮到爆，份量多到我們吃不完。吃過很多間的鍋煮粥，這間是我吃過最好吃的，還有甜點與飲品都很讓人驚艷。也因為店員們的服務周到，讓我們的慶生餐留下很美好的回憶
火鍋,火鍋,ChIJB_6IcCyqQjQRx4bUN_j-jlI,天天旺麻辣鴛鴦火鍋,
火鍋,火鍋,ChIJMS8whyuqQjQRbqBGebOZsdc,禾豐日式涮涮鍋,CP值很高肉好蔬菜量也多有時候覺得與其去Costco買菜買肉回家煮又要備料又剩一堆不如直接來這裡吃招牌牛比較大片油花較多，精選牛比較窄油花較少，兩人吃的話可以個點一份交換吃,"肉品油花很漂亮也很嫩很足,菜盤跟海鮮也都鮮甜好吃用餐環境舒適服務良好!",內容看起來雖普通，但吃起來的口感有種樸實無華的幸福感，細看下來肉質細緻無多餘肉渣，蔬菜脆感及甜點都很棒，最愛手工細麵，一分鐘煮完撈起，Q度十足又彈牙！好吃！！,價格稍微偏高的鍋物，但整體用餐很愉快。食材新鮮，份量充足，調料配得剛好，服務態度良好。,火鍋料菜盤量多，肉品也相當鮮美，服務態度佳，用餐環境舒適，且疫情期間座位區皆有做壓克力隔板，這點值得給讚。另外很特別的用餐後會提供維也納咖啡相關特調茶飲，並另設喝茶座位區相當特別。最後唯獨廁所整潔需改善，且門無緩衝壓，開關沒放到底會撞到門框相當大聲。
台式/小吃,水餃,ChIJRfB_uCuqQjQRS9ywVk8bYfI,龍門客棧餃子館瑞安店,水餃沒有x玉好吃....,環境：店面有時間痕跡的感覺餐點：豬肉菜餡餃（10顆$70）小菜豆皮海帶滷蛋（$40/$20/$10）一間社區型的水餃店，讓感覺有種眷村的那種家鄉類型的社區水餃店，水餃一顆7元不算便宜，水餃皮薄厚適中有咀嚼感但口感舒服柔軟，一口咬開豬肉餡的肉汁就在口中散開，入口後是滿足的，水餃的大小屬中偏大一點點！個人喜歡這間店的水餃，唯一可惜的是只有一種口味！豆皮也屬於偏早起類型的豆皮一份40元量多穿起來很開心！海帶、滷蛋正常發揮。,水餃皮軟有黏牙感且餡料少，小菜豬耳朵太軟爛且有股很重的味道！,水餃是有熟悉的家裡味道感覺，滿好吃的！蛋花麵也是～清爽的口感，沒有油耗味，好吃下次要來吃牛肉麵！,老闆親切，店面有點舊就是巷口的那種傳統麵店牛肉蛋花湯$40很大碗喝下去很暖餃子$7/顆，高麗菜豬肉餡飽滿多汁甜不辣$20兩片，滷得很入味而且是柔軟的香氣十足，大推滷味！
台式/小吃,水餃,ChIJTUKchS6qQjQRSCFKS6Z_VSI,八方雲集(師院店),點了蔬食鍋貼，等了超過30分鐘。比我晚到的三批人都吃飽了，我還在等。最後好不容易輪到我，阿姨直接把整盒掉地上，然後問我：沒關係吧？！不想做生意就收店吧,我點外帶然後很多人所以在店外等，店員叫得很小聲根本聽不到（而且叫點單裝的盒數我要怎麼知道）去問他我們的餐還態度超差我們還沒走就跟另一店員說她們自己都不來拿的媽的是你們自己動線不好還怪我們要不是沒有零顆星不然我早就打了再也不會去(),買鍋貼送蒼蠅：）服務人員態度有夠差的，給錢受氣的事不會再做了。,酸辣湯餃好吃可能擔心人太多，鍋貼大多煎起來放，幾乎每次吃的都是涼掉的:(,出餐慢又搞錯還怪別人都已經結完帳告知到底吃多少數量，眼睛有問題就去看病，還怪別人沒寫好，是在大聲什麼，果然不能再高了，要不是只能給1顆星誰要給啊！爛爆了
台式/小吃,水餃,ChIJYRdWaimqQjQRPYqlGYFBlgU,曾餃子-手工水餃專賣店（僅外帶）,很期待的剝皮辣椒水餃卻非常失望，因為我吃過很好吃的剝皮辣椒水餃，真的水準差很多，你們家的水餃，高麗菜豬肉和剝皮辣椒是分開的，完全沒有融合，也吃不出剝皮辣椒的味道，只感覺嘴巴辣辣的，第一次買，真的覺得八方的水餃還比較好吃。,目前吃過最好吃的冷凍水餃。冬季限定的酸白菜超好吃，夠酸又不傷胃；剝皮辣椒開胃好吃,幾個月前買了10包餃子，大約有7包是已退冰全黏在一起。本來要送人都不好意思送，未來不會再光顧了。,近日線上搜尋好吃水餃，慕名而去，買了「剝皮辣椒、爆漿豬肉、芋頭香菇、高麗菜豬肉」買了8包，烹飪方式比較說明書，用煎、水煮方式。7個人吃完評價，整體而言「餡料軟軟、皮超厚、微微涼吃皮很硬法、厚沒關係！還很容易裂開！」2,服務態度良好，水餃好吃內餡多有許多口味可供選擇。
台式/小吃,水餃,ChIJXzNlTS-qQjQRCvn2xhSfPAk,阿玉水餃(生水餃專賣店),路過看感覺很厲害買了兩盒來試試只是不便宜欸拿到後才發現一盒10顆花枝蝦仁鮮肉$140蝦仁韭黃鮮肉$120平均一顆12跟14塊頗貴!!煮開後算皮薄餡多味道上是不錯個人覺得有點偏淡如果不要賣這麼貴回購意願會比較高一點台北市冷凍水餃目前還是比較愛吃「沅誠海鮮水餃」在東門市場裡面如果照片跑不出來可以點↑↑上方我的頭像裡查看飲食參考：甜：以星巴克「焦糖瑪奇朵」來說，半份濃縮、糖正常鹹：蠻重鹹的辣：中口味斟酌參考,水餃真的很好吃。皮很Q.還蠻大顆的,常常買一堆冰冰箱，美味方便。,水餃很油，豬肉味道怪少數吃到的難以下嚥的水餃,水餃真材實料，好吃
台式/小吃,水餃,ChIJOYu5vSiqQjQREYlFwP5DSCI,大李水餃,"原本印象極佳，惟前次女兒牛肉湯餃吃完竟發現湯面浮有塑膠碎片(綠色的，混在菜葉中所以一開始沒發現)，不想張揚告知店家，服務人員竟然過來問我""小朋友吃了有不舒服嗎?""....無言，回覆""沒有""，用完餐由太太付帳，事後才知店家沒將該項餐點金額扣除。實在很想跟店家說:1.該項餐點給付有瑕疵。2.若該店人員另煮ㄧ碗有塑膠碎片的湯喝掉，我可以忽視該給付瑕疵。唉，作飲食生意應對自身品管、處理流程有相當要求，若難免百密一疏相信消費者也多能體諒，但是，態度要擺出來，發現本身有失誤，要讓消費者感受到自省的誠意及作法，若對自身產品及作為毫無負責意識，如何讓人相信餐點品質，以後絕對不會再去了~~",水餃好吃,水餃是厚皮，高麗菜韭菜都不錯，內用有免費飲料，醬料自取，特製不會很辣，吃完再結帳,高麗菜水餃好好吃！店員很友善，中午幾乎會需要排隊,食物好吃口味佳，價錢公道，性價比不錯，值得一試
台式/小吃,水餃,ChIJf4iYUX-rQjQRU21WcJ9oyjk,五花馬水餃館臺大店,招牌彩色水餃酷炫又好吃XD
台式/小吃,水餃,ChIJ52M4aQOrQjQRl3IXcKexDSg,李記水餃,水餃皮厚，餡正常量，但很乾很沙...不知道是煮太久還是不新鮮，第一次吃到這麼乾的水餃QQ,台大附近想吃水餃的選擇，沒特別驚艷但也不至於難吃，餡料稍少。,CP質不錯也蠻好吃的水餃店。用餐環境普通，與一般的麵店差不多，餐點選項主打水餃，以及其他的湯品小菜。適合學生來簡單用餐|本日餐點|牛肉湯餃+燙青菜。牛肉湯濃郁，餃子也相當有嚼勁，份量也給得不錯多，燙青菜中規中矩。整體來說相當推薦,菜單明寫外帶水餃至少10顆又不是規定內用而且沒寫低消多少卻被服務阿姨說只點湯的話請改外帶，明明晚上空位很多。服務態度很高傲、潛規定一堆，給人觀感真的很差勁,水餃跟大李差異不大，但李紀的酸辣湯比較好喝，給推
台式/小吃,水餃,ChIJ3WvTNC-qQjQRIsMfIJapv3g,大李水餃,服務態度有問題沒吃就走了打烊前45分鐘進店店內超空硬是要帶位到一個卡柱子的位子坐下發現桌子根本沒擦默默移到別桌又被叫回來坐髒桌態度也不好覺得很煩就走了,水餃很好吃～,好吃，還副飲料,水餃好吃!,水餃大顆好吃又有魔力
台式/小吃,水餃,ChIJ8f6odi6qQjQRDlmZqk-iCX4,雪蕾黑豬肉水餃,水餃非常好吃，有很多特別的口味，都是老闆親自包的，四季豆口味裡面有玉米，番茄口味外面完全沒有吃過，很健康的選擇,老闆娘有氣質又親切水餃皮好Q蕃茄水餃很特別酸辣湯好合我胃口,吃完還以為點了素水餃呢呵呵。不大顆，但一顆6元。,今天2020/09/04黃道吉日，上課前吃到了，開心。謝謝陪我聊天的健康阿姨～,六日來也休息禮拜五也休息今天是禮拜一還是休息營業時間要不要改一下來了六次都沒有營業
台式/小吃,水餃,ChIJI-YNQSqqQjQRAePATo68ZIc,八方雲集(台北建南店),衛生環境差餐點煮的很不用心水餃皮破掉又軟爛吃過很多連鎖這家最不優,在非尖峰時段去，通常都會少一兩科水餃，問你要不要換最便宜的招牌…當你漸漸變為熟客，會發現店員態度還是一樣需要努力…鍋貼脆，推，而之後記得自己補充膳食纖維，減少隔日的如廁時間因附近有學校和圖書館，會遇到許多學生族群，從國中生到大學生都有，也常見學生情侶沒有廁所，所以來內用前建議先排空所儲水餃鍋貼的錯誤率約22%，每來4-5次就會發現一次數量不對，或味道錯誤，因此檢查很重要,店員心裡有大委屈工作態度怎麼會好沒人能一手遮天早晚會出問題人在做天在看沒證據不表示沒辦法,店員服務訓練&衛生管理不佳，2分給味道還OK拿容器去裝餐點，收銀的店員手沒洗一直摸容器內側。煎鍋貼的店員中間跑去抽煙，回來沒洗手又接觸食品餐具。下水餃的店員也下錯。其他顧客的餐點裝好放桌上忘記，一直到顧客詢問才給，只能說不專業又缺乏認真的工作態度。鍋貼賣相不佳，備餐區也髒亂，不推。,店員服務態度差到讓人傻眼搞不清楚我是店員還他是店員了可憐之人必有可恨之處
台式/小吃,水餃,ChIJabNgEe6pQjQRmNRbOhN5hq0,八方雲集大安和平店,環境非常好其他點辦不到的,假日時這附近都沒開什麼餐廳，所以這家八方雲集都要排隊，內用的話都需要等一陣子，我大概等了15分鐘。內用座位乾淨，燈光明亮裝潢漂亮，但是，洗手台的水量太小！！！！！！！！！！！旁邊就是大安森林公園，玩到一半中途來用餐的客人很多！如果想要認真洗手的大人和小朋友，就無法確實把手洗乾淨，強烈建議店家不要為了省水，讓客人用不乾淨的手用餐，到時候病毒細菌吃下肚更麻煩！！防疫期間更是不能馬虎！！,還不錯吃,內部巧而精緻是目前看過八方雲集的內裝，堪比咖啡廳的不過等候時間至少要15~20分左右當天客人不多,蠻有氣質的一家八方雲集高腳椅太高有點不舒服～小缺點（也有可能是電家故意不讓你坐很久）
台式/小吃,水餃,ChIJWR0uvS2qQjQRO6q5alhIOz0,成功水餃店,,,,,
台式/小吃,小吃,ChIJ1fcqRymqQjQRt2iRWuWHkUc,姐妹小吃店,由於來這裡拜訪朋友，臨時決定吃這家當晚餐，因為近因為方便。於是點了炒飯、炸醬麵、番茄（排骨）湯3樣，肉絲炒飯炒得好吃，色香味俱全，老闆娘很用心炒，後來我發現陸續進店的客人，大部份都點炒飯，而且價格合理，我推薦大家。炸醬麵我個人感覺很普通，不難吃但炒飯cp值高，被比了下去，番茄湯不錯喝，雖然價格貴了點，但料多實在，馬鈴薯燉得剛剛好，好吃。番茄可能時價高，所以番茄味沒有出來，有點可惜~下次有機會吃再補拍照片囉！,不貴的價格、有冷氣又乾淨的用餐環境蛤蜊湯的蛤蜊新鮮，咖哩炒飯上餐快速不馬虎。,"平價美食,咖哩炒飯及番茄麵都很好吃",很少吃到咖哩蛋炒飯有咖哩的香味，真是好吃，辣椒一流,魚丸湯很特別
台式/小吃,小吃,ChIJPd47mSuqQjQR7c-aaNiimxk,麗如小吃店,一間隱身在台北市大安區的小吃店，是家附近的小吃店。店門面十分不起眼，最近一年才換新招牌XDDD或許它沒有華麗的店面與擺設，但口味與價格都十分實惠又划算。從牆上的價目表就可以看出，老闆幾乎不漲價，真的是來交朋友的。大家都推海產粥跟海產麵，我想應該是因為用料實在吧！海產麵跟海產粥用料相同，不過海產粥特別的是屬於泡飯式的，比較像南部的口味，也就是先把配料煮好，最後再把飯放下去稍微翻滾一下，我個人很喜歡這樣的口感，而且配料相當實在，有蝦子、蛤蜊、蚵仔、魚板、魚丸、花枝、鳥蛋、肉絲，再加上青菜和爽口的湯頭澆上一點點的油，這樣一碗才65元，夠道地和物超所值了吧。我自己喜歡的是豬肝湯跟乾麵，豬肝實在又脆，而且沒有腥味，配著薑一起煮的美味，讓人難忘，一碗才35元的價格，真的讓人驚訝。乾麵(30元)的味道質樸，淋上肉燥卻不嫌油膩，搭上豆芽菜脆脆口感，真的絕配。它的小菜也很豐富，我常點的除了一般的魯蛋豆干外，粉腸、嘴邊肉、肝連肉等也都值得一嚐。大安區巷弄裡的小吃店，等你來試試啊！,看評論瘋狂刷五顆星說口味及CP值高才來用餐的。但實際上店面用餐環境非常髒亂，髒到我不敢想像鍋具跟碗有沒有洗，尤其餐點也不好吃（乾麵完全沒味道、海鮮麵就是味精加很多的調味，不知道在吃什麼），實在是不清楚五顆星評論說CP值高？？台灣還是有很多好吃、價位合理、環境乾淨潔的小店，這家真的糟糕,價錢便宜是便宜，但真的沒有高cp，它就是食物跟好吃絕對沒有關係。加味精的湯，最廉價的醬油膏，完全沒味道的麵。環境不好。諾大的台北，你隨便走都有更好的選擇。,好吃，價錢便宜，但希望燙青菜可以換一下，不要一直都是地瓜葉,以地段來說價位真的頗讓人驚艷大概都比其他店家便宜5-15塊吧口味上沒有太合本人胃口但是也是一個還可以的選擇
台式/小吃,小吃,ChIJnaNrgC6qQjQR_4PeUQsrutw,重慶小吃,（2020/10/30更）牛肉麵不做啦剩素食的，要吃牛肉麵的這邊沒有哦,牛肉湯頭還不錯，介於紅燒與清燉之間,點了餐等很久，後來不知道店家把菜單弄去哪了，點的小菜一直沒來，跑去問店家一問三不知,巷弄內的美食。牛肉燉的很軟嫩，敢吃辣可以沾到辣椒油，也很美味。下次會來嚐嚐哨子麵和但但麵。,蕃茄牛肉麵的湯裡喝得到蔬果的甜味，牛腱肉燉得軟爛，微涼的深秋來一碗非常暖心
台式/小吃,小吃,ChIJw4SuCYepQjQRFvqRowp8-As,珍線坊懷舊小吃,老闆娘非常沒有禮貌，親切過頭、跟客人講一些冒犯失禮的話，有熟到可以開這種玩笑嗎？,看到有一則評論中“燙青菜”的照片，像是有拌了醬油or醬油膏我點的燙青菜，純粹白水燙熟，竟然無任何一絲調味（連鹽巴也沒有），詢問老闆娘，她說“是的，這樣健康”，還亮出2隻大拇指哦還有，老闆娘製餐時，請戴口罩！尤其是您在邊製餐還邊歡唱“娃娃國娃娃兵……”的時候，請戴口罩！謝謝！還有還有，個人一口氣點了3個品項，就被闆娘“親切的”質問以上，是我本人2次造訪的“糟”遇！,超級好吃而且老闆人非常好，也是親子友善餐廳！,真材實料的洛神冰梅茶，甜不辣加手工炒製辣椒超搭，老闆與闆娘親切用心，值得一試！,好好吃的麻油麵線，辣椒炒有味。洛神花茶冰冰涼涼，透心涼，陳皮和洛神一起入味，香味滿嘴。老闆老闆娘濃濃的人情味。讚！
台式/小吃,小吃,ChIJDVyx3C-qQjQR-C1DNclARJk,大福小吃店,酸菜湯怎麼那麼好喝..這樣會一直讓我很想來買耶>_,炒飯好吃還可以加大，蛤蜊湯鮮，好吃！但位子少人很多。,美食沙漠的小綠洲但是他們只有營業中午所以很難避開人潮唯獨水餃可以預訂冷凍的這個就沒等阿或排隊的關係了下面有人說一團亂是真的請注意自己的餐點內容這個不要怪店家小店而已,不要看它小小、舊舊一間，老闆跟老闆娘的手藝都超好；好愛它的酸菜白肉海鮮湯跟水餃，什麼口味的水餃都好到味，好好吃！但座位很少，建議避開人潮多的時候。,"食物好吃，老闆娘很親切，即使再忙當客人點一些客制或複雜的選項都完全不會不耐煩。推薦水餃每種口味都很棒（四季豆,瓠瓜,高麗菜,韭菜,玉米)"
台式/小吃,小吃,ChIJ-xPWkC2qQjQRX4dMxtRvsDs,曾味小吃,無味素綜合番茄麵加大$115小珍奶$25,CP值超高的市場小吃，小缺點就是市場環境稍熱,20191002兩人用餐，頭一次點相同餐點。綜合番茄湯麵-95元。綜合與原味就差在原味沒虱目魚丸+榨菜，原味85元。番茄味道不錯，標榜沒加味精，但配料都是加工食物。8-)注意後1與4張圖，是不同店家，但也是番茄拉麵，價格是多五元，才是超值！多了圖片上肉，下面還有兩塊排骨！這家番茄拉麵，是在隔日專程前往，比較一下成功市場的曾味番茄拉麵。,吃到有人來拍結婚紀念影片欸！真的很多人喜歡這家店\(--)/蕃茄麵必推,今天點了肉燥乾麵、大杯珍珠奶茶，奶茶便宜不會太甜，30元而已，應該可以調整甜味吧，肉燥乾麵，麵體很有嚼勁，味道比較不鹹，個人喜歡再稍微鹹一點點，這是個人口味差異，個人偏愛重鹹一點，麵現煮，客人多，需要等一下。老闆個人蠻風趣的，看他跟客人的互動還不錯，不過感覺是已經很熟了，才會開玩笑。整體而言，蠻不錯的，下次有機會再來吃其他人推薦的番茄麵。
台式/小吃,小吃,ChIJo2SDbC6qQjQRgCG3tpiPTEs,日式小吃店,鍋燒烏龍麵($95)份量少口味一般，完全吃不飽，應該只會吃這一次了,"可能是我點餐的錯誤,應該點麵飯類才對,關東煮溫溫的而且蘿蔔沒透(甜不辣.蘿蔔.海帶.苦瓜封.丸子.菜卷.筊白筍235小貴),咖哩炸豬排70肉乾咖哩醬沒啥味,茶碗蒸還不錯嫩而且有料50,手捲50up海苔有點軟但尚可,生魚片握壽司170兩種魚6貫勉勉強強還行,味增湯25有料可是味道有點淡,還是點烏龍麵之類的比較好",普通平凡的一間店，價位很符合台北市，簡簡單單，今天點青椒牛肉炒飯，味道普通但不難吃，份量建議可以多一點，畢竟一份100，味增湯25元沒什麼好說，就是鹹湯，這樣價位可能有點偏貴，看個人選擇。,不論份量或精緻度，都遠不如隔壁的豚太郎日式豬排。唯一的好處就是開比較晚。,味道很對得起價錢，經濟實惠令人滿意。台味的日式料理，雖不能算高雅細緻卻是令人感到親切的平民料理，學生或社會新鮮人會常光顧的那種小店。特別值得讚揚老闆娘用心服務，幾次點餐時點到重複的食材，老闆娘都會熱心的提議要不要做不同口味，希望客人能吃到更豐富變化的一餐。謝謝老闆娘貼心照顧。
台式/小吃,小吃,ChIJ6YG0ryiqQjQRRmU5cvV7iNM,川味辛亥小吃,價格平實有人情味的小店,餐點份量充足，茶、湯、白飯不限量，價格屬平價，味道也還不錯。最大的缺點是速度，如果在吃飯時間才到現場點菜，通常都要等蠻久的，建議提前打電話預定。,平價份量多，口味還不錯，宮保雞丁的雞肉有處理過很好吃，芹菜肉絲也好，爽脆口感，炒豬肝差了一點，比較硬又乾可惜，另外最大的缺點就是白飯好像沒煮透，米心是硬的，配菜不夠爽。,很像在家裡吃飯的感覺，雖然是比較台式口味不麻不辣，但是份量足夠，酸辣湯蔬菜很多老闆娘又很客氣～很滿足了：）,十分平價的菜色不要太講究與挑剔川味的道地精緻與否是可以給學生與附近住家的一個選擇是一對老夫妻經營的。
台式/小吃,小吃,ChIJOVfdPSqqQjQRcZB32CU9ooA,四川蜀渝小吃,第一次到店家用餐，點了乾煸四季豆，螞蟻上樹，回鍋肉，豆瓣黃魚，白飯，今天附送真材實料的四神湯，所有食材及餐點口味太物超所值了，大推,開店60年來滿牆的明星照加持劉德華黎明張學友都是至少20年前的長相這家店看來巔峰狀態在那個年代我是熱愛川菜慕名前來的菜也不到難吃但是很令人失望幾乎每道菜味道相差不遠咬到會很麻爆的花椒粒被花椒粉取代麻味香氣差了一大截麻婆豆腐裡頭竟然帶一股令人匪夷所思的酸味豆瓣黃魚罕見的在魚本身配角豆腐以及調料上統統不及格老字號的川菜小館恐怕會完全輸給馥華跟皇城老媽更別提的用起香料豪不手軟的後起之秀川味兒跟川妹子,超過一甲子的老店，從建國南路進來原本想說都是住宅大樓，是不是走錯巷子了，繼續往前走就可以看到凹進去的店面。因為店的位置是在巷弄住宅的一樓，因此營業時間短也是有道理的。店內環境簡單乾淨，有3張6人桌和3張2-3人桌，燈泡有白光和晝光的交錯使用，看起來較昏黃，牆上的照片看的出歲月的痕跡，都是大明星過去曾經來用餐的照片。老闆娘服務很好，會問是不是第一次來，會介紹菜單說菜色前黑點是有辣的，還有說飯是20元吃到飽，另外還注重到我抓了腳，會說是不是有蚊子。這裡所有的菜只有36道，比一般川菜館動輒超過100道是精簡許多，價格只有100/150/200元三種價位，菜色份量不大，點的道數建議是人數+2，菜單上的菜幾乎都好吃，想吃什麼就點什麼。店裡很安靜，沒有電視，可能也是住宅的關係，都完全可以聽別桌在講什麼。碗是使用比一般飯碗稍微大的瓷碗，拿在手上吃會很有份量。飯因為是吃到飽，所以是拿一鍋出來，大概就是1人兩碗的量。乾煸四季豆的四季豆炒的偏軟，肉末有椒麻和胡椒香，還有加蔥絲一起炒，算是不錯的一道。醋溜高麗菜酸酸辣辣的，有加宮保點綴，椒麻底跟乾煸四季豆很像，吃起來很開胃。宮保雞丁裡有用荸薺取代碎花生，這個作法很好，除了脆脆的口感，一般碎花生不會吃完，吃荸薺就可以輕鬆吃完。五香鴨的皮油亮酥脆，肉質很緊實也很入味，這道是店裡的招牌。這次消費沒有送湯，只有提供熱的烏龍茶。整體來說餐點是真的不錯，且在高級住宅地段賣這種價格實在是誇張的便宜，另外這裡的環境、餐具和食物都有家裡的感覺，超像在家裡吃飯。,很有家常味道風味十足五香鴨必點家庭小館服務親切價格實在唯川菜有些菜口味較重很下飯點菜需注意搭配,魚香茄子好吃，宮保皮蛋最喜歡，下飯，夠味道但不過重
台式/小吃,小吃,ChIJ16uRvKurQjQRK_ujzHGDK-E,穰穰-大安銅板美食|大安必吃小吃|台大美食|科技大樓美食|大安牛肉麵|大安魯肉飯,香菇雞腿湯麵沒味道，不管是香菇、雞腿、湯或是麵都吃不出任何味道，牛肉乾拌麵110元大概只有三口的分量，味道也是普普通通，決不再訪,東西好吃，cp質高，老闆很和氣，服務好。滷牛腱入味鹹香實在好吃，香菇雞麵口味偏清淡，但我很喜歡！沒有過多調味自然帶出的天然香甜，養身沒負擔，涼涼天氣喝起來很暖胃，台大學生真幸福。,這麼好吃又便宜台大的我真的覺得有我宜蘭媽咪煮的味道哭吃完我好想家隱藏菜單：清燉牛肉湯五星果香紅燒肉五星招牌乾麵五星隱藏菜單要憑運氣記得要問老闆娘和老闆,二訪，滷肉飯很好吃，感覺比較像瘦肉燥，較無負擔；乾意麵添加的醬多一種甜味，個人比較不愛，比起來比較喜歡第一次點的湯意麵；雞湯清爽不油膩；小菜一般般,常常光顧，很喜歡的店家，但是今天的用餐體驗真的不太好。今天點了牛肉乾拌麵，姑且不論湯汁很水，像是滷汁加很多白開水一樣，完全沾不上麵，牛肉竟然是酸的，份量也比往常少…希望老闆可以看一下，今天真的滿失望的。
台式/小吃,小吃,ChIJdazBVyyqQjQRDqXaeGyGDdk,大安魯肉飯,上班族午餐好選擇尤其在冷冷的天氣吃碗麻油豬肝麵線麻油赤肉麵線或麻油豬心腰子整個身子都暖起來,有許多小菜的選擇，都很好吃，有飯有麵，麻油湯很香必點，冷冷的天氣，喝一碗都暖了,東西美味，價錢實在，冬天要來了，很適合來上一碗現煮的麻油赤肉湯,點了麻油湯麵線，湯頭濃郁，量也足夠，覺得比較可惜的是薑片放不少，但薑味卻明顯不足,社區旁的老店東西好吃不怕得罪客人...賣小吃也賣白眼管你熟不熟客...來這兒萬一剛好身上沒錢或者自備豬腳想吃個麻油麵線（不准客製）或者餐具多拿沒用到...保準老闆娘給個眼色冷語讓你一肚子香菇藍瘦受氣難忘
台式/小吃,炒飯,ChIJexSiLC-qQjQR0LgDorEWhig,笑嘻嘻港式現炒飯麵,臘味炒飯＆撈麵wouldbemyfavebyfar~Taste☆☆☆☆Portion☆☆☆☆Worthforprice☆☆☆☆Staff☆☆☆Ambient/cleanliness☆☆,特別推薦廣州炒麵跟乾炒牛河粉，這家店真的不計成本，吃飯吃麵不僅有三種湯可選，連飯後點心都有，是家CP值超高的賣家，值得各位來享用。之後又來了數次，但看到老闆罵員工的態度，真是不敢恭維，，員工都是來打工，賺點微薄的薪資，實在不必要這樣，就算它的東西再好吃，我也不會再來消費。,炒飯好吃，湯更好喝且湯的種類多。但扣一星是老闆態度太差，不懂點菜規則會凶。,好吃，快速，便宜，台北非常難找另外吧台有各式飲品，是自製的，有誠意，還夠味辣醬有xo醬，全台我只看到這家,白飯可以自己加，雖然點的東西直接加白飯不會很怪的只有燴飯，但這家東西都做比較鹹，每一種東西加白飯味道其實都還行。甜湯有綠豆湯、愛玉、紫米紅豆湯，鹹湯有廣州酸辣湯和雞腿骨例湯。中午人都很多，不想要太擠的話大約12:50再到會比較好，下午2點的時候會把湯都收掉。晚上的人比中午少很多。
台式/小吃,炒飯,ChIJ-88kIperQjQRXS_ZreF7fHY,MFriedRice./賣炒炒飯專賣店,敢以炒飯專賣命名的重蔥炒飯果然好吃，店家主打現點現炒，吃得出粒粒分明不油膩還有大火快炒才有的”鍋氣”，主打的麻婆豆腐，麻而不辣，不死鹹，吃完一份還會意猶未盡，而紅燒肉煮得相當軟韌，入口即化，非常適合下飯，附贈小菜酸豆更是一絕，把整道料理提昇到另一個境界，外帶包裝也都看得出店家的用心，新開幕嚐鮮，感覺挖到寶，據說之後還會有新菜色，值得期待！隱身在巷弄內的炒飯，老闆只作外送，每週開店時間不固定，需要到賣炒炒飯FB粉絲團Check一下，真的很推這間店，值得一試，好久沒吃到這麼紮實的炒飯了,新開的外帶炒飯店，非常好吃，就是目前選擇大太少了很像日式的炒飯會配一盒主菜，包裝乾淨又挺方便的，希望未來口味能增加,麻婆豆腐配炒飯好好吃！就是常常會沒開門.......後來才知道老闆是斜槓人生炒飯居然是副業！聽說之後會開午夜的深夜場。,好食師傅真有一手現場還有啤酒買一送一太幸福了～,專賣炒飯，有提供外送，是想吃炒飯不怕踩雷的好所在
台式/小吃,炒飯,ChIJleDFhS6qQjQRY1kkY0naXFI,早餐店(炒飯),價格在台北無敵了，原味蛋餅15元，鐵板麵加蛋40元，空間偏小，環境也普普通通，但是好吃又便宜還是每週都來報到。,牆壁上的海報有兩個隱藏菜單漢堡便宜又好吃！,蛋餅超便宜，還不錯!傳統早餐。Verycheapsaltyeggpancake(danbing).Goodplacefortraditionalbreakfast.,普通的早餐店有賣炒飯是這家的特色,蔥抓餅跟蛋餅好吃！
台式/小吃,炒飯,ChIJBRFERhirQjQRa3z8tq3wMDQ,生炒飯,份量足夠以附近區域而言價格相對實惠就是服務常常讓人有點腦,炒飯炒麵都好吃，份量也足夠。,好吃！以台北市來說經濟實惠！推！,炒飯很好吃不怕吃不完,真心推薦炒飯超好吃
台式/小吃,炒飯,ChIJfcJhlymqQjQRYBNOnSjuSkw,馬祖麵館,這家店在這裡週邊的幾家算是中上之選，也是上課期間我吃飯頻率比較高的店家。餐點算好吃，不過份量是一般成年女孩子吃的份量，壯一點的男生就可以考慮點足一些。,上菜速度快，止飢果腹可。招牌餛飩肉餡有五香味，麻醬乾麵醬不夠香，$110～,吃過滿多他們家的東西都不錯不會特別有印象，但也不差，日常選擇。,最差的馬祖麵館！蝦仁炒飯80元份量少的可憐！女生也吃不飽！蝦仁只有5隻？？？其他分店好吃多了,$35蛋包青菜湯$80蝦肉蛋炒飯湯飯都略鹹炒飯粒粒分明較硬需嚼較久總共有十隻蝦客人多上菜快翻桌快店員會帶位客人，多時可能會請客人併桌
台式/小吃,炒飯,ChIJ1fcqRymqQjQRt2iRWuWHkUc,姐妹小吃店,由於來這裡拜訪朋友，臨時決定吃這家當晚餐，因為近因為方便。於是點了炒飯、炸醬麵、番茄（排骨）湯3樣，肉絲炒飯炒得好吃，色香味俱全，老闆娘很用心炒，後來我發現陸續進店的客人，大部份都點炒飯，而且價格合理，我推薦大家。炸醬麵我個人感覺很普通，不難吃但炒飯cp值高，被比了下去，番茄湯不錯喝，雖然價格貴了點，但料多實在，馬鈴薯燉得剛剛好，好吃。番茄可能時價高，所以番茄味沒有出來，有點可惜~下次有機會吃再補拍照片囉！,不貴的價格、有冷氣又乾淨的用餐環境蛤蜊湯的蛤蜊新鮮，咖哩炒飯上餐快速不馬虎。,"平價美食,咖哩炒飯及番茄麵都很好吃",很少吃到咖哩蛋炒飯有咖哩的香味，真是好吃，辣椒一流,魚丸湯很特別
日式料理,日式料理,ChIJVV0ISSqqQjQRV3Yu84qzaTg,魚韻日式料理,食材滿新鮮的算是一家不錯的丼飯,今天來到了魚韻日本料理吃我最愛的日式料理的口袋之一ㄧ進門後蠻日式風格的座位環境大舒適乾淨敲喜翻點了總統套餐經濟又實惠，CP值高吃下去入口即化味噌湯，裡面有嫩嫩新鮮的魚肉炙燒干貝佐魚子醬蔥花鮪魚手捲炙燒牛肉丼握壽司三貫整個食材新鮮吃起來都不會膩其中最喜歡的餐點是旗魚是我吃過最好吃的，很軟嫩，有嚼勁謝謝莎莎邀請值得推薦給大家！#忠孝敦化#大安#聚會#日式料理#東區美食#台北#東區#美食#魚韻#生魚片#壽司#丼飯#大安美食#瑞安街美食,很溫馨的日式料理餐廳。沒有昂貴的價格、浮誇的裝潢，卻能嘗到新鮮的食材。不能沒有生魚片的我，最注重魚的鮮度和口感；紫米紅豆湯居然還可以無限續碗耶！這間主打丼飯和壽司，CP值頗高，親友同事小聚也很適合～,服務態度極好，料理也很有特色，價格公道。點了炙燒鮭魚丼飯，醋飯味道很可口，還加點烤鮭魚頭，接近極品。前面的沙拉也別出心裁，配上橘子。,我一定要給這家大推（我真的是因為很好吃才要認真寫的今天大安站補習結束突然很想吃魚搜尋到魚韻就一個人過來了點了炙燒鰭邊鮭魚丼套餐360元天啊真是超級入口即化的油脂感，超級喜歡！平常小鳥胃的我，不僅全部吃完還加飯再吃一次湯泡飯在這邊提供我的個人吃法：首先套餐附的小菜、沙拉全部吃光光（胡麻醬水果沙拉好吃）然後店家有送醃蘿蔔（是有果香的醃蘿蔔，但我不確定，總之層次是豐富的，不是單一酸溜溜的味道的蘿蔔）然後主食來了！愛酸的請一定要金桔擠好擠滿（我覺得酸的超好吃）他的炙燒鮭魚和鰭邊油脂超豐富！入口即化！然後他的油脂已經都跑進去醋飯裡了！飯搭配鮭魚卵一起吃又是絕佳的享受全部吃光光後，再跟店家要免費的加飯，倒進原本充滿魚油脂的碗裡，加附餐的味噌湯，變成湯泡飯，再吃一碗！原本的魚油、金桔酸味加上醋飯、味噌湯，融合成很美好和諧的味道看我寫這麼認真！真的很好吃啦大概是我心目中平價炙燒魚丼第一謝謝魚韻嗚嗚嗚填補我補習悲慘的心靈
日式料理,日式料理,ChIJk1iCfNurQjQRa09O8sJeSM4,余韻日本料理,"1.用餐環境好，服務勤快，跟老友敘舊的很好經驗2.魚肝最受贊同，秋刀魚最為驚奇,第一次生食螢光烏賊,較不對味，菇的湯汁對和牛沒有幫助3.可以再找適合的清酒杯",以價位來說二人含服務費約8千吃很飽生魚處理不錯以高級日式割烹來說很多小細節都未到位(牆角的歌林電風扇放生魚片的盤子沒有吃完一道擦一次燈光太亮）如果沒什麼在吃割烹的可能會覺得還可以,搬家後的余韻.更加寬敞.連用餐的器具都升級了!餐點依然的精緻美麗,用餐環境和餐具不錯；純論料理本身，個人覺得不難吃但卻有些平淡。服務生近距離介紹菜品時無配戴口罩，吧台兩位廚師邊料理食材同時和吧台客人聊天讓我們覺得不是特別衛生，觀感不好。除此之外服務很好，料理尚可。到此一遊。,餐廳為預約制的無菜單料理，訂位時會透過系統先收訂位金，匯款後也可以直接將單據上傳照片到系統中，讓店家進行確認。餐廳位置在微風廣場旁的巷子裡，用餐環境舒適、乾淨，算是不錯的用餐環境與體驗。
日式料理,日式料理,ChIJG0U1DC2qQjQRC6EhdY-DM_c,海福岡日本料理海鮮熱炒,老闆娘人很好但丼飯只有肉的部分好吃飯跟醬汁可以再加強也可能是因為我個人很討厭小白菜只煮一下下的生味,已經坐在位子上了，結果有5個人來這邊用餐，結果直接擅自主張把我們的東西搬到兩人桌（是在哈囉？？？,cp值低，東西不會難吃，但也沒有好吃就是了,老闆娘態度非常好遇到有小孩的家庭用餐非常友善客人很多的時候也會一直道歉送餐延遲餐點也很好吃定食的小菜也很有特色很常替換新菜色,先到先點餐（定食蛋包飯跟炒烏龍）後面過5-15分鐘之後陸續來了三組客人兩組2個人（兩拉麵、一壽喜燒、一丼飯）一組4個人（咖喱飯等等忘了）結果我的餐點卻是最後才到整整等了30分鐘以上主餐才到我朋友的餐是另外一組走了另一組都準備走了才到呢！感覺非常的差！當然也會影響味蕾！絕對不會有下次了！
日式料理,日式料理,ChIJh7A2Vt2rQjQRbkRqwi8pOKo,利休日本料理,廚師細心講解每一道菜色服務人員態度都超好每一道菜都很特別甚至自己帶了小蛋糕進去替男友慶生服務生還特別幫我點了蠟燭整個體驗都超好！謝謝,看了大家的讚聲評論而前往著實令人蠻失望的菜色與醬汁的搭配略顯普通完全沒有入口的驚艷食材或許新鮮無法感受到價值炙燒花枝炙燒的很不到位其中一道花魚一夜干魚片處理的不夠細致魚刺也是相當多吃過不少一夜干第一次整個在挑刺而且份量跟我吃過其他無菜單略顯誠意不足與服務生反應後也沒有什麼其他的措施松露海膽完全感受不到松露香氣很失望和牛壽喜燒算是今天ㄧ個滿意的菜色腰果豆腐也是今日覺得還蠻不錯的口感入口的香氣與芥末的點綴甜點相當普通想要詢問關於酒的選擇服務生的訓練需要再加強對於清酒的香氣或是冷熱的推薦應該要再清楚了解會比較合適,台北這個價位，能吃到這樣的無菜單料理真的是太超值，每個品項都很用心，也不會出現重覆性的菜色，食材料理都驚喜不斷，精緻也能吃飽,非常好吃，CP值高的不像話，一定會安排時間再訪,總評：食材及料理手法皆優10道握壽司及小丼飯，加上蒸蛋炸芋頭腰果豆腐份量著實不少，可以吃得很飽有些熱食也巧妙的用松露油調味，不錯吃板前12個位子，由原先在初魚掌廚的師傅處理，頗有初魚的味道（壽司做完一起上），少了些跟顧客的互動，有些可惜
日式料理,日式料理,ChIJJbpnMC6qQjQReVq6J1vkalM,千松谷日式料理,份量非常足夠，一開始看到價格跟份量覺得份量很少，但食材吃起來很新鮮，吃完也覺得份量足夠而且好吃！對了！我們有點雞肉串跟烤豬排，這些餐點可能會覺得油膩，但旁邊會付沙拉，吃完很清爽，旁邊付的沙拉有美乃滋，不想要美乃滋的人記得要說不要加唷～一般點的沙拉是和風醬的口味，一樣味道很清爽，看到地點覺得應該沒什麼客人，結果一進去一樓客滿...吃到一半地下室也快滿了...可見這間餐廳的等級是有的！吃完真心覺得不錯，重點！離我家蠻近的～我又愛吃生魚片走路離科技大樓捷運站大約5-7分鐘下次帶岳父岳母來吃～～～,這家日本料理用料新鮮品質好，師傅手藝一流，老闆娘管理道地用心經營，親自在店內熱情招呼客人！多年來經營出很好的口碑，老顧客常常光臨，店內的氣氛也很親切，料理價格高貴不貴，非常值得推薦！,"日式簡餐,平均套餐單價落在290～400間，餐點口味一般,但地點在辦公大樓附近,上班族用餐挺多的。","親切的年長服務生服務超好，比鼎泰豐有過之而無不及。此菜色是$1,200招牌套餐，飯後點心是紅豆湯，飲料多種可選。明蝦偏鹹，其他都好吃。",除了海鮮沙拉是另外點的～其他照片是優惠套餐：）上菜速度快，價位中高～較適合聚餐久坐～
韓式料理,韓式料理,ChIJVbJC9y2qQjQRuwy0BqC_f_8,西羅伐,"海鮮鍋味道很不錯，料也不少，以這種價格在這個地方算平價，海鮮煎餅口味很特別，粉加的比較多，感覺像吃粿,不太合我的胃口，小菜很好吃，非常多樣",我是住在附近的鄰居，總是忽略了這間低調的餐廳。這次因緣到了，嚐到老闆娘高超的韓式廚藝。菜色精美，乾淨，可口。餐後沒有韓式料理重口味口乾舌燥的不舒適。沒有地雷菜！我們一定再度選擇這家好餐廳，配合著美食，來個不醉不歸吧PS:有氣質的老闆娘精配的潛水艇酒～好有力。,銅盤豬肉口味偏淡，沒有特別之處。海鮮煎餅台灣口味，粉漿偏多。小菜比主食好吃。,Cp值頗低，220海鮮鍋，一隻蝦都沒有小菜頗強,點海鮮鍋，覺得海鮮&菜很少沒什麼東西，但湯頭還不錯
東南亞,泰式料理,ChIJYz3mai6qQjQRUr2dTbz9Lzs,香葉泰式料理餐廳,非常好吃！椒麻雞的調味很讚，有附湯跟小甜點！服務人員態度也不錯～來科技大樓附近可以來吃,好吃不貴，蝦餅夠厚像鬆餅也彈牙～蝦醬空心菜和高麗菜也都很美味！,吃到鋼刷，看來是有認真洗碗。,CP值很高的泰式餐廳，辣度可以調整，好吃推薦！！,小菜可不可以熱過在上？全部冷的很像放很久也不衛生
東南亞,泰式料理,ChIJQyy5Ky-qQjQRMasV9k52ShU,湄賽雲泰料理,食物本身不錯吃，月亮蝦餅很厚實。不過店內自帶一股油耗味，衛生環境有點令人憂慮。,熱,學校附近的平價美食，可以吃合菜也可以個人單點，提供茶水和白飯續加。,$140的雲筍炒豬肉全都是碎肉，也只有沒幾條筍絲,CP值很高每樣菜都很好吃很下飯！值得回訪的平價雲泰料理西米露是綠色的很特別比較推薦摩摩渣渣加了各種水果料味道層次豐富蝦醬高麗菜$110蝦醬空心菜$110清蒸檸檬魚$230打拋豬椒麻雞月亮蝦餅摩摩渣渣$50西米露$40
台式/小吃,滷味,ChIJ1ZsVwCmqQjQRkyBcm0ygWI4,尚讚滷味,食物好吃份量多。此次四神湯吃不完改外帶，老闆娘還免費加湯。謝謝。,店如其名，魯味真的很讚！,這一家的料理都是老闆跟老闆娘親自製作，味道的時候記了，尤其那罐辣椒味道增香。,口味偏素食的鹹度，便當菜沒有保溫冷冷的,老闆老闆娘親切又大方！滷味好吃一級棒~
台式/小吃,滷味,ChIJM1V7Mi-qQjQR5aTWxn1CUT8,台南周氏冰鎮滷味(和平店),嘴邊肉和牛肉都很好吃，嚼起來有肉香，肉質算嫩，吃起來不會覺得乾澀，兩款肉品都有自己獨特的香味，吃起來都很有特色，而豆干是偏硬實的口感，這個就還好。,東西好吃店家待客人客氣,豬耳朵，嘴邊肉，鴨翅都滷的很入味，入口香甜，不會死鹹，老板娘還會幫忙切好，有經過都會買豬耳朵回去搭威士忌，不用再大老遠跑台南買了。,鴨翅超好吃！滷汁都入骨！,鴨翅超的、連骨頭都入味有汁、心中第一名
台式/小吃,滷味,ChIJTzO0gy6qQjQR4DQelz_4fX8,桂師傅滷味科技大樓,滷味好吃又便宜、老闆人很好很客氣，自帶容器還可以折5元豬肉有豬腱肉的選擇很讚（秤重一斤20）,點了滿滿一碗，105元。夾好菜以後，等老闆拿到你的那盆。老闆會直接報價錢，顧客再自己走到攤子旁付錢找零，老闆會問辣度、酸菜、胡椒等可不可以加。滷汁有一種甜味，很香，會是想再去吃的味道。,隱在巷弄裡的好滋味，旁邊的超市從頂好變成Jason到現在的全聯，滷汁不死鹹，加辣更好吃！老闆備料和衛生都很講究，客人要自己找錢。,這間真的有厲害到！騎車無意間滑到這家，也沒多想純粹肚子餓～他的中藥味很香，不會有怪味道，而且我點完去旁邊的超商繳費回來，老闆叫住我說我的好了，在我去拿餐的同時，老闆的貼心舉動我整個嚇到！「老闆在給我之前舀了幾匙湯在我的餐點裡」居然有想到怕麵會糊掉的問題！太讚了！重點是回家吃了之後，整個需要大推這家滷味！他的麵超級！好吃！滷的也很剛好，「這裡大推加小辣！」他的辣香非常吸引人，不會死鹹！必須推薦大家用新台幣教訓老闆！,好吃湯頭不死鹹小辣自己是沒感覺到辣味怕辣的人也能點蔬菜量比一般滷味店多1.5倍以上點兩份蔬菜就好飽百頁超級驚艷跟石二鍋的百頁很像更軟嫩一點而且便宜以後會常來買～～～～
台式/小吃,滷味,ChIJwy2aJyyqQjQRiF3ZZuXKHJw,成功食品王興富滷味,滷味入味好吃，店面乾淨，老闆態度很好，會再回購！,食材新鮮，滷得入味，吃得爽口！平民價格，高級食材，吃得安心！推薦牛肚及牛腱。記得搭上清爽泡菜及獨家醬油辣椒！,多樣性滷味ˇ大推耳朵價格合理夏季涼麵也不錯吃哦,涼麵+老闆特調拌醬=酸酸甜甜有戀愛的感覺。滷牛肉、叉燒口味與人不同超好吃。,"滷豆干塊,有入味不死鹹金泡菜與廣式泡菜各有風味雞翅膀及其它種類都有入味不軟爛或太硬"
台式/小吃,滷味,ChIJF4_o9UqrQjQRj7D5V0AFoUI,滷意思｜滷味．拌麵．鍋物．溫沙拉,滿滿蛋白質，豐富的蔬菜種類；溫沙拉夏天也可以開胃清爽吃冬天暖暖的湯滷味都可以吃得沒有負擔又療癒真的是很給力,今天外帶了養生素菇菇溫沙拉，他的菇算蠻有誠意的，應該有四種左右吧。裡面有高麗菜、大陸妹、玉米、川耳、三種地瓜、絲瓜、小番茄、蒟蒻、秋葵還有蛋，雖然都是蔬菜，但整個份量算很足夠，食材也很新鮮，有夠超值！,滷味的口味偏清淡很適合想吃滷味卻又怕太鹹的朋友，而且湯頭有淡淡中藥味，感覺蠻養生的但是份量其實沒有很多，吃完還是有一點餓,之前朋友介紹我這間滷味吃，吃了之後覺得味道還不錯，老闆也很親切，很值得推薦給朋友吃,內用空間不大，但還算舒適。餐點口味偏淡，味道還不錯，不過份量有點少，吃完覺得有點空虛。
台式/小吃,滷味,ChIJszDy-7-rQjQRUIu5ZiVfFDQ,潮味決‧湯滷專門店台北瑞安分社,"還ok,可以來吃一下。",用餐環境很好，東西好吃,好吃經濟實惠~環境舒適,離學校很近下課來吃剛剛好,東西好吃下次還會再來
台式/小吃,鹹酥雞,ChIJMaLuhS6qQjQRwImwU5HwABs,景美阿郎鹽酥雞,表定六點，5:55才拉開鐵捲門，當作6:30開始營業比較好,從國中吃到出社會味道都一樣好吃再配瓶啤酒太爽了而且老闆老闆娘都很客氣必點鹽酥雞（肉很多不會很多骨頭）、魷魚鬚（有嚼勁）、甜不辣、芋頭籤、雞蛋豆腐、地瓜,等超久有人插隊老闆排順序不確實份量又少,真的味道還不錯，也不會有雞骨頭一大堆這種事，老闆人也很好。,好吃但小份鹽酥雞55元貴貴
台式/小吃,鹹酥雞,ChIJ58Er3byrQjQR31YL_bPNJKQ,炸老大雞排鹹酥雞專賣店（瑞安店）,難吃死了只要雞排加辣結果全部餐點加辣擺明就是趕下班亂做根本沒辦法吃全部餐點只有辣其他什麼味道都沒有點外送有餐點沒附上不備註也不主動告知一副就是沒打電話回去那就當作沒這回事這種爛店家1顆星都嫌多,今天點了雞排﹑雞皮﹑皮蛋，單很多等了一二十分鐘，拿到東西回家才發現雞皮變成甜不辣...雖然東西不錯吃，但是不夠細心....誇張耶！！！我炸物從來不點甜不辣的！！！而且雞皮和甜不辣差那麼多怎麼可能說錯！！！從頭到尾只有說甘梅粉小辣....不要翻錄影聽到辣就都是甜不辣.....錯了還不承認.....扯！！！！！！！！請把影片po網提供連結讓大家聽聽評評~~看我有沒有誣賴你們！！,前幾次訂都很滿意，但今天的餐點鹹到懷疑人生。。希望店家注意調味細節，下次如果有緣再訂，若是回復水準，會再更改評價。昨日再次訂購，調味適當，值得推薦，尤其甜不辣，雞皮和三腳骨，非常好吃，加油囉～,沒有發票不錯吃!很乾爽不油膩鹽酥雞50元份量真的少豆皮40元價格小貴,附近炸的選擇不多所以.然後也有飲料部.不過東西真的不怎然後等很久.
台式/小吃,便當,ChIJH0YHDyyqQjQRfLbbnfi0b4E,金城便當,葛瑪蘭客運旁邊，是附近上班族用餐地點之一。,便當口味還不錯，小菜還有用格子分開內用還有飲料跟湯,動作慢，忙不過來，及沒有排隊方向，也沒注意客人先後順序，已告知先來的還未點餐，還是先幫後來的點餐，於是放棄購買。,這附近最好吃的便當。米飯Q彈粒粒分明，飲料冬瓜茶很冰（這真的超重要），配菜精緻好吃，然後主餐肉品品質很穩定，最喜歡炸雞腿跟土魠魚，出餐如果不用現炸只要十秒，每次來吃都扒飯扒得很開心。,烤肉便當很多人想點，但很快就賣完了員工收餐盒的時候是沒長眼睛？噴的我身上都是廚餘他媽的有夠不爽你們知不知道你們便當菜很油啊2020.08.08
台式/小吃,便當,ChIJawRDvPOrQjQRg2nYcfJJRoM,弁當工場台大店『便當外送台北便當推薦高級會議便當台大午餐美食外送』,送餐很準時，便當內容很豐富,事先使用Line預訂9月26日23份11:30的便當外送，也收到訂單確認訊息。當日等至12:30便當仍未送到，致電詢問，店員說已經送出去了，於是請店員幫忙追蹤目前位置，才又改口說系統沒出單所以沒有做。我們最後決定取消訂單，事後使用fb和line反應這件事，也都沒有人出面回應。大家若有便當外送需求，建議其他家便當店會是更好的選擇。,第一次買就吃到毛毛蟲希望葉菜的品質能好一點，整體上還可以。,看評價有點擔心，實際在UBER點餐後，發現東西真的好吃，肉量足夠，調味也好，我們一家三口都說好吃，以後納入常點名單。,世紀雷店，便當沒送來，打電話也不接。最後說要補償給我折價卷，請問誰還敢再跟你們訂？？大家辦活動或會議便當的小心了，不要踩到這個大雷。
台式/小吃,便當,ChIJ27EPhC6qQjQRrojq15aiJ3c,惡燒肉便當,出餐極快，店內用餐環境乾淨簡約，便當配菜大多是涼拌料理，天冷時，會覺得不夠暖口。,就速度快隨便吃，不過台北這價位還蠻划算的咖哩甜的那種,各式燒烤品項肉片皆有入圍味，搭配玉米筍、配菜點綴與蔬菜小碟，自能品嚐主角原味。期望有燒烤汁醬可選，另搭酸味小菜如醃漬嫩薑片、酸榨菜...或可更添口感風味。,味道還不錯，燒肉蠻入味的，配菜的高麗菜還不錯吃，但有點油膩，但吃完拉肚子了。,除了盤裝小菜不太喜歡之外，其它都還不錯，也還好是另外裝，不用再挑出來。
台式/小吃,便當,ChIJvcj32JarQjQRqkZX70do1ec,伊桑泰式炭烤雞腿便當店,油膩過鹹點三杯大腸只有大概三塊大腸剩下全是薑片,其實還可以，泰式雞便宜大碗，蒸蛋也好吃，CP值頗高，評論都在講冰淇淋難挖的問題，欸這家才80元好嗎，那麼多東西可以吃了@@,很佛心，但如果加價能更美味的話就更好了,以價格來說CP值蠻高的，內用也有提供飯、湯跟飲料供取用，是個不錯的選擇,糟糕透頂，第一次評論就獻給這家店了。我點的是香茅豬排飯，那個豬薄薄的吃起來甜甜鹹鹹，不知道醃了多久，咬起來完全無肉味，吃了一口就再也吃不下去。最後轉戰到711買三角飯糰止饑_
台式/小吃,便當,ChIJk84eci2qQjQRMXxM0CPARkM,赤崁樓排骨便當＆營業料理教學,懷舊風格的傳統便當店，排骨好吃很香酥，配菜的白菜滷很好吃，都更開到年底，趕快來吃吃。,排骨讚配菜好吃可惜快要停業了年底前快來吃今天中午十一點已經排隊約三十公尺,"20201104中午我說阿,你們的排骨飯好吃沒錯可是我外帶一個排骨飯,你這個老婦人往我的便當丟筷子,我看了就不爽誰還想吃呢?你們如果會生意不好一定是因為妳的關係服務業請加油好嗎?",一般般，配菜口味很下飯，份量OK，就是配菜是配好的，而且我吃炸魚排咬起來乾扁偏硬,便當主菜可口好吃。配菜就一般了。服務人員有五六位上餐點不慢。若工作人員帶上口罩就會更好了!
台式/小吃,便當,ChIJe1mixi6qQjQRiMzBglw6dho,長榮發池上飯包池上便當,黃金排骨超級爛，馬的都澱粉吃啥小，拿火鍋片去炸？,可能因為地點的關係，跟其他池上便當相比，價格偏高一些，今天吃雞腿便當，還ok。改天再試試別的。,黃金炸排骨肉有夠薄是放火鍋片下去炸嗎？,相對不油膩的便當店，米飯好吃。,味道普通但價錢偏貴
台式/小吃,便當,ChIJR9AvlymqQjQRUCLBgUoNnq4,翁包子快餐便當,null
台式/小吃,便當,ChIJK4IjBi2qQjQRWGUo5N75hws,蜂鳥食堂-大安店,雖然菜的賣相有點不ok，但是吃起來還滿好吃的，女生可能會覺得飯太多；餐盒包裝很精美、清爽。,健康餐盒，精緻的內容，少油天然食材，便當盒分兩層，一層營養米飯，一層有分隔的菜肴。美觀大方。菜肴有變化，今天就有哈妮BBQ烤雞腿玫瑰岩鹽烤雞松阪豬肉鱸魚牛腩等，完美菜飯比例多蔬食。現場製作便當，乾淨舒適的食堂。價格比外面便當店貴一成，但衛生營養美味，包裝也非常有質感。,在這家店開店之前有用app訂過一次真的是史上最爛的經驗不僅遲到20分鐘到貨的時候裡面湯汁也流得很誇張雖然客服有處理但當下真的非常不喜歡這家店這次到實體店面感覺好多了不過以之前用餐經驗來說他高價的餐盒cp值不高99元的餐盒倒是有超乎預期的好青菜基本上調理都很需要加強太軟爛或顏色都不是很好看味道也偏苦玉米蛋今天味道還不錯梅汁雞肉的風味也比之前訂的魚好白飯煮得也還可以份量也夠總之比較推薦99元特餐其他價格的餐點我個人不會考慮～～,餐盒漂亮餐點低油低鹽很健康喜歡重口味的話不推薦訂餐盒的人務必先詢問其他人接受度(；),清淡不油但也不至於食之無味的便當，配色也好看，主菜很有特色，選擇很多元。不過分量稍少，價格則有點偏高。
西式/美式,早午餐,ChIJ-UKmKSyqQjQR05UM2CbFN4k,和平食光咖啡,早餐店，蠻好吃的而且便宜,連ㄧ顆星都不想給，非常不衛生，做餐上餐擦桌找錢都沒洗手，更何況現在防疫期間，非常糟糕。餐點裡還有頭髮，拿去講還ㄧ臉臭樣基本道歉也沒有，就把盤端走？什麼爛服務態度。,每週必吃的和平時光，店內王牌外酥內軟的薯條在換了新菜單之後，居然被從套餐裡換掉了！換成像麥當勞的薯餅，吃起來油膩又單薄，來這邊的誘因被降低，太可惜了。,科技大樓捷運站附近是早午餐聖地，即使如此這家還是不遜色，我點的是雞腿吐司，裡面的烤雞腿給的蠻大份的，吐司沒有特別好吃，但蛋很嫩，能做成這樣不容易，沙拉看起來很少實際上也很少，我有加套餐烏龍鮮奶，說要無糖不知道為什麼來了還是微糖，但因為餐點好吃所以沒有很介意如果有一個完整的早晨很建議來這邊放鬆，吃吃早餐喝喝咖啡，份量不算很大但還算可以吃的了6分飽，餐點品質都還不錯，可以來試試看，店面小小的，所以來晚了可能就得坐外面，天氣熱會很熱天氣冷會很冷，建議可以一開店就來最保險喔！,以咖啡店來說，提供的餐點滿多樣的，也好吃，只是座位不多且沒有提供廁所和插座，不適合坐上一段長時間，但若只是要吃個東西喝咖啡的話，是還不錯的地方。
西式/美式,早午餐,ChIJvU5mgSmqQjQR0WhA_Zruk5E,theDiner樂子瑞安店,CP值很高的餐廳！餐點跟氣氛都棒棒的！非常推薦！,曾經的愛店，因為價格合理、寵物友善。最近再次消費，點選早午餐點，已無附咖啡。且冰熱咖啡的單價相同，但熱咖啡可以續杯，冰咖啡則不行。一份簡單的早餐吃下來，加州蛋捲280+冰咖啡70不可續杯=350，再加一成服務費，就要NT$385了。店內音樂也有點過於大聲，沒有早晨放鬆吃個早午餐的感覺了。另外，有交代蛋捲不希望太乾，店員說蛋捲都是嫩嫩的。結果來的是會流湯的，真的非常濕（不是滑嫩濕蛋的那種濕，是出水的感覺）。,希臘蛋捲：蛋捲裡面滿滿蒜味野菇，份量適中，可自由搭配白吐司或全麥土司，蛋捲調味有點淡，並沒有想像中滿滿蒜香味，反之薯塊調味偏重，反而失去了馬鈴薯該有的香氣，整體搭配上除了調味不合我自己外，份量、價位跟菜色豐富度算不錯，另外漢堡為他們的招牌，希望下次去時會再試試看。,非常棒的地方。假日早上Brunch最佳選擇。唯一小小缺點，就是價格偏高一點。但考量到餐點品質好，空間舒服，服務生服務到位。價格高一點點，就不要計較了。整體用餐感受非常好，週末假日早上想要享受一下悠閒的早午餐，這裡是你最佳選擇之一。喔！對了！附近有停車場，所以停車也算方便，早上不要太晚到，應該都還有車位。,環境舒服餐點種類眾多！招牌的加州蛋捲很香，蛋皮微赤內餡軟滑，餡料的培根較厚微辣不鹹，裡面的酪梨入口即化沒有生味，旁邊附的吐司可選（全麥.白吐司.龍鳳麵包：就切片法棍）.奶油像棉花糖軟滑，另一個副食可以選（薯條.薯塊.水果擇一），水果有（香蕉.芭樂.西瓜）一碗份量蠻多！如果都沒喜歡的口味蛋捲可以點客製自己的蛋捲！另外原味煎餅有兩大片表面赤赤厚度有點接近舒芙蕾的厚餅，看起來就飽足感十足，旁邊有附一個荷包蛋.兩顆漢堡肉.奶油.蜂蜜糖漿，一樣可以選副食（薯塊.條.水果）！餐點餐盤都有熱盤要小心燙！都可以加價升級套餐！
西式/美式,早午餐,ChIJDTHfdy6qQjQRGF1ABfl6yrI,好食早餐,店內約十八張用餐的位置如果想要內用享用的時候建議可以先打通電話詢問之後再確定是否要店內用分分秒秒都是在尖峰時段由此可知早餐獨特性很強光是進入店內享用早餐時…店家彼此團隊默契超契合直接點選洋蔥燻雞起士堡再加上一大顆冰火菠蘿包這個薯餅塔非常令我好奇最後點法式丹麥糖霜蜂蜜至於飲料我選美式黑咖啡首當其衝薯餅塔和黑咖啡這兩者都讓我為之超驚豔薯餅塔的外型和味道超優每吃完一口味道更上一樓洋蔥燻雞起士堡料爆多的強烈建議使用盤子攬著吃不然料通通都掉地上了呢冰火菠蘿包的甜度恰恰好法式丹麥糖霜蜂蜜超好吃總體而言讓我超級驚艷的,座位不多，店面也不大，不過生意很好的一家店，確切的地點在交通部航港局大樓的對面群賢公園旁邊雖然來客數多，店員仍然很親切並有效率，送餐速度很快，翻桌率高，環境衛生也沒問題，用餐空間較小內用和外帶時常需要領號等待，雖然我在附近上班，也不見得適合中午和同事一起來吃冰火菠蘿NT35薯餅塔NT45奶茶NT40薯餅塔由兩片薯餅中間夾蛋和牽絲起司所組成，很特色，味道不錯鮮奶茶用的是高大鮮奶，味道不錯冰火菠蘿普通剛體檢完來吃這個罪惡餐點,東西便宜好吃，服務態度棒推薦：洋蔥燻雞蛋餅（餅皮好吃！料多味道讚）：薯餅塔（cp超高，起司多到爆，但要多人分，不然它太大一個吃到後來會很膩）不推薦：法式可頌套餐（相對其他餐點，稍微cp值低一點，但其實味道蠻好吃的）會回訪喔！隔壁桌爵士套餐看起來超讚-///-,這輩子我吃了這麼多早餐店這一家的東西早餐真的非常棒讓我愛不釋手我想我會繼續捧場的而且還會叫家人朋友一起來吃讚,蔬菜堡的生菜很不新鮮甚至帶苦煎蛋滿滿的油味還吃到蛋殼吃完回去就拉肚子了，不懂為何如此高分
西式/美式,早午餐,ChIJ7Tn85R2rQjQRwBZdwI0ko8Q,早安有喜-大安和平店,很少寫負評，但真的被卡啦雞腿漢堡嚇到很重很濃的那種噁心的雞臭味....吃一口就嚇得不敢吃，又吐又噁心了一整天最開始吃還不是這樣不知道是一直換店員過程中SPO教育沒做好嗎品質一直一直下降，奶茶也超水，只是水、淡就算了奶有一個很不舒服的，就也是那種說不上來的不新鮮感如果不是為了來要大家注意新鮮，真的一顆星都不想給,裝潢蠻好的。漢堡是滿福堡來著，卡拉雞還不錯。泡菜蛋餅好吃！胚芽豆漿美賣，整體來說很值得一訪。店員人都還蠻好的。店內環境乾淨舒適～,經常來吃的早餐店，環境清潔衛生，也有洗手台讓小朋友飯前洗手。讚！我們家最常點法式吐司和蛋餅，孩子們都超愛吃的，推薦！,其他早餐店沒有賣的鐵觀音奶茶超好喝，蘿蔔糕有一層脆皮，炸物不會油膩膩的，拼盤類的比較普通，下次想嘗試炒麵!,目前去過環境最好的早餐店速度快食物擺盤蠻美的也有乾淨的洗手台和洗手間店員也都很親切～
西式/美式,早午餐,ChIJk50Mli2qQjQRbbpjTegxdGU,亞果早午廚坊,,,,,
西式/美式,早午餐,ChIJf5hrMC6qQjQRdsQWKLiRZC0,麥味登精緻早午餐敦南店,老闆娘跟廚師是姐弟，弟弟負責廚房，姐姐負責內場，姐弟記性特好不管多少人來點餐不用寫單她們都記得住是誰的餐誰先後順序,早餐或午餐都不錯，午餐時間的泰式卡啦脆雞蠻熱門的，早餐漢堡內的生菜很新鮮！,這附近有一家相對安全的早餐店也是很好的,點了蘿蔔糕加蛋外帶，結果只有蘿蔔糕，白付了10元...,動作很快東西也不錯！
西式/美式,早午餐,ChIJq4Cddi6qQjQRtSouaYEUL9c,找餐。店,口味還可以,中午之後去的就沒有供應蛋餅有點可惜餐點點了肉排起司漢堡跟歐丁起司吐司漢堡麵包烤過很香手工做的肉排很多汁但有吃到骨頭吐司軟綿綿融合煉乳跟起司鹹甜鹹甜吃起來很滿足推推飲料點了熱奶茶奶茶甜度剛好但奶味茶味偏淡二樓也有座位但大概五桌而且樓梯很陡膝蓋不好的要斟酌,喜歡他的薯條（早餐店的那種）還有提供沒有麵包的選擇，很適合麩質過敏的人！,今天點了墨西哥辣醬德腸熱狗堡老闆人很好啊！！希望下次有機會可以內用,第一次吃印象很好，這次特別找別的朋友一起去吃，沒想到等了20分鐘不說但是比我們晚入座的客人餐點都到齊了後面下樓要走了，問說沒做要取消，三個店員一臉迷茫的看著我……（我說的不是中文嗎？）從頭到尾打包到結帳離開，一句不好意思、抱歉都沒說。只能說拜拜，再也不見失望透頂
日式料理,拉麵,ChIJgSjIDSyqQjQRkqrlyFH-9dI,小川拉麵,店內的座位有限，店外則放置了等待用的椅子。因來店的時刻稍早，等候一組客人便得以入座，之後店外便一直有客人等候，看來店家十分受歡迎。店家使用機器點餐，不過須注意機器不收一元、五元硬幣。點餐後，被安排在吧台最後一個座位就座。椅子是被固定著的，桌下有籃子可以置物。桌上有木魚用來通知店員自身有所需求，比如用清湯調淡湯頭、免費加一球麵等等。在此還能看到師傅料理的過程，甚至以儀器量測湯頭的味道，看來相當慎重。初來乍到，麵條硬度、鹹度調味、背脂量都選擇了普通，叉燒選擇了五花肉。味玉拉麵的味玉與湯頭相較，雖然自有調味，反而更顯清新。普通的背脂量直覺看來頗厚，但食用起來只留香氣而不會膩口。湯頭在背脂的影響漸淡之後，豚骨的味道便凸顯出來，不愧是長時間熬煮的湯頭。普通硬度的麵條比料想中略軟；加麵時改為略硬，口感果然比較符合自己的喜好。五花肉叉燒吃起來比看起來還要軟嫩，直接吃、配湯吃都很棒。店內飲用水、增鹹的拉麵醬汁自取。桌上提供生蒜瓣若干，可自行用工具壓成蒜泥。原本的湯頭固佳，但竊以為加入蒜泥之後，口味、香氣更為豐富。,湯頭道地，叉燒鮮嫩，還可以加麵,店面離科技大樓捷運站很近，不過如果從紅線來的人，建議走路過來，因為等文湖線的時間，跟走路幾乎差不多，多走得路可以吃得更多(離題了XD)接近吃飯時間可能需要等，但不過等很多，裡面座位有吧台和一般座位，店面走道不大，來去要留意旁邊用餐的客人和服務生入店內需自助點餐，類似一蘭拉麵的方式，自助點餐很容易瞭解，旁邊也有換鈔機可以使用，因應防疫店家再旁邊也有放置酒精可以消毒，很貼心餐點部分：店內基本上就是招牌的叉燒拉麵，可以選擇湯頭濃度和拉麵硬度，店家也會很貼心的提醒，湯頭濃度普通可能會過鹹，不過這部分要看每個人的口味如何，但有提醒有加分～拉麵是細麵，雖然個人較喜歡粗麵，但搭配湯頭細麵也是很搭配，另外也推薦喜歡吃湯泡飯的人，可以點一碗飯來嘗試一下，飯的口感跟湯頭很搭配～最後壓軸就是叉燒了，入口極化的口感，真的超美味，如果喜歡吃肥肉的人可以點五花肉，喜歡吃瘦肉的人可以點梅花肉，第一次吃的人建議可以點綜合來試試口感～,2016.10月、11月開幕至今，一眨眼也四年了，在科技大樓站旁，也是小有名氣。來台灣展店的小川，帶來的是濃厚鹽豚骨的拉麵，其湯頭以大量豚骨精熬13個小時而成，雖與博多系的濃度類似，但少了很多豬腥味。半叉燒拉麵內有三片叉燒、味玉叉燒拉麵則有一顆溏心蛋與兩片叉燒，也有一片叉燒的一般拉麵，在肉量上，也給予顧客很大的選擇空間。湯頭鹹淡我選了普通，等同於日本原來的口味，小川的鹹讓人沉醉其中，會有種坐在日本屋台吃著拉麵的感覺～背脂的油量我選少，怕點一般的油量吃完卻像在山嵐那樣造成身體負擔，至於在鹹淡方面，挺慶幸自己沒有選過淡的口味。小川的麵屬細麵，巴汁也巴的很好，麵的軟硬上，我選擇了硬，在湯頭碗裡，上桌時已泡的剛好，而後免費加麵的那球，就可以嚐到麵心的硬度了！叉燒的部分，小川分成油脂較多的五花肉與瘦肉較多的梅花肉，店員很好心的提醒可以選擇綜合，於是很幸福的兩種都有吃到！厚度來說，為剛好的切片，不會過厚到硬，也不會薄如絲片，兩種交替吃，也可以解掉完全是油脂的膩感。水是自取，非有冰塊那種，位前有辣油、蒜頭（有提供器具，要自己壓蒜末出來，但太大顆，我整個放棄...）與醬油、衛生紙可自取。一開始在外面簽了排隊的紙後，就站在外面等，殊不知其實裡面有座位，所以還是建議進去用機器點完餐後，直接問店員有沒有位置。當天用餐遇到一點意外，一位阿姨點完後，拿著卷在外面等，因為店員以為她已給小白單（餐點單），就跟她說已在做了，叫她在外面等，結果她等了很久，但內場也沒有收到他單子，果然就進來很不爽的反應了。而外場的店員可能是新手，內場店員還很努力安撫顧客與外場店員，也是辛苦了。環境來說，可能木頭裝潢關係，吧台座位區的地板，其實濕濕的有點噁心，覺得還可以再改善。———————————————,這個價位吃完會有點小失望，沒什麼配料只有很簡單的湯、麵和叉燒湯頭對我來說是很直接、帶有豬羶味的湯，此碗麵條選偏硬的配置，並八分鐘內完食還是會覺得稍軟，叉燒倒是不會肥膩、瘦肉入口即化，不加麵的份量吃完是不會餓，建議還是要加麵才能吃飽吧台座位感覺離隔壁鄰居很近，旁邊兩位女生激動地聊天我一直覺得很吵也很不衛生，希望店家能引導這類客人去後面客區，不要坐在吧台讓其他顧客不舒服最後，同樣價位下我想我有非常多更好的選擇
日式料理,拉麵,ChIJLfGCFyyqQjQRPqAF3WRg2uQ,元日本拉麵,我覺得越做越差，份量也少了百分三十，花耶菜也不新鮮，好像放冰箱很久，一點也沒咬勁，失望，比去年差多了,上禮拜來此用餐，拉麵味道不好也就算了，吃到一坨不知道是鋼絲還是頭髮的東西，跟店家反應，店家只問要不要換一碗新的，但這樣的衛生環境誰敢再吃，故拒絕了，對方也沒有將拉麵的錢退還，或是以打折的方式賠償，這樣不負責任的態度令人不敢恭維可惜估狗不能給零分，不然...,味道還行的台式拉麵店。湯濃度可以調整適合台灣不那麼濃的口味。有燙青菜必須加分。叉燒可能薄的會比較好吃。,口味可以再加重一點,平價台式拉麵價格親民可自選湯頭濃淡和麵體軟硬用餐環境舒適湯頭是重鹹路線普通濃度就很鹹了若口味不重選淡一點的湯頭濃度吧
日式料理,拉麵,ChIJ_dJ3u7urQjQRwYrpBb9l-pg,本山日本豚骨拉麵,地點很方便，店招很清楚明顯，環境清幽雅緻，店內播放日本老歌，牆上浮士繪，充滿日本古樸情調。拉麵Q彈好吃，小菜尤其棒，炸雞脆嫩又入味。會想再去光顧的好店，大推,不是加個日本式樣的繪畫，播著演歌就是日式拉麵店。純粹的台式拉麵，不用說湯頭了連麵條都是黃色油麵，換味用的調料都是共用要自取的，最重要的是賣著日式拉麵的價格，請喜歡日式拉麵的朋友迴避。,用Ubereat點餐：備餐快速。收到時包裝乾淨無外漏。沒有用到塑膠袋。東西美味。,好吃番茄起司叉燒拉麵很有個性地獄叉燒拉麵小辣只吃微辣的別挑戰,味是屬白味噌170有叉燒玉米海帶芽跟木耳這次吃硬麵還可以
日式料理,拉麵,ChIJz8MQhC6qQjQR-0gL18qwD-Q,濃氣屋拉麵成功店,說吃到飽的服務，當晚來連一碗飯的量都沒有，還在上面打吃到飽，老闆還一直說飯馬上好，麵吃完超過15分鐘。。。不敢給吃到飽就不要打出來,"口味獨到,內用150元以上還能享用咖哩飯吃到飽,適合食量大的人來用餐。缺點是一個人來吃與多個人來吃能明顯感受到待客態度的差別。",叉燒豚骨拉麵$210湯頭略鹹，麵稍硬。湯裡頭除了麵、半顆溏心蛋、紅薑之外沒有其他配料（一般還會有青蔥）湯頭配著紅薑搭起來好吃，解膩。整體來說價錢有點高點選150以上的拉麵可以吃咖哩飯吃到飽，蠻好吃的！,咖哩飯好吃，拉麵也很道地，重點是價格公道,咖哩飯才是本體、拉麵是配料，無限續的咖哩飯讓你回味無窮、滿載而歸、大腹便便
日式料理,拉麵,ChIJF6NjKkKrQjQR-9jiZ8BLdwk,裸湯拉麵·雞白湯,9月中新開幕的拉麵店！裝潢採日式清新風，疫情期間座位用厚紙板隔開，座位不多，排隊人潮總是絡繹不絕店內的開水、餐具、佐料皆採自助式，佐料有蒜酥和辣椒粉排隊時店員會先給菜單點餐，菜單上除了招牌雞白湯拉麵，也有沾冷麵、叉燒飯主打採用整隻雞熬煮，熬製成濃厚的雞白湯肉品是舒肥雞，軟嫩不肥不柴，但味道相對單純原味，加湯加麵都要加錢，份量普通！以學區附近餐點價格偏高，Cp值較低，但整體是好吃的最推薦原味雞白湯、柚香冷麵原味雞白湯$200/拉麵附上舒肥雞、溏心蛋、玉米筍、銀芽、蔥絲、洋蔥丁，原味有放上海苔吃過其他幾種後，整體覺得點原味的就好！喜歡重口味的可以自行加佐料辣椒粉、蒜酥蒜味雞白湯$220/比原味的多加了蒜末～貌似除了多加的蒜末，湯頭熬製時也有多加入大蒜赤口雞白湯$240/可以選擇1-3倍辣選擇兩倍辣，一開始吃覺得也沒很辣，快吃完才發現辣椒在底部，要先攪拌松露雞白湯$250/放上一塊松露醬的烤豆腐雖然松露看起來只有一點點，但實際品嚐起來蠻濃郁的！只是和原味相比起來，覺得不太值得柚香冷麵$180/他們家的麵條蠻香的，製成冷麵，更可以品嚐出Q彈的口感！柚子沾醬很爽口，柚香四溢，搭配海苔、雞肉、蛋、木耳切成細細條狀，清爽好吃胡麻龍鬚菜$45/淋的是小時候很愛的超市賣的日式胡麻醬愛吃菜的可以點唐揚雞$80/炸雞塊有一定水準，外酥內軟，又多汁，拉麵搭配的舒肥雞，口味較淡，預算足夠可以搭配著吃,20201113『原味雞白湯+三片雞叉燒』單片海苔浸入湯頭比例過多，導致口感偏軟然其咀嚼後產生的香味明顯溏心蛋的熟度略為偏熟，稠度與甜度皆優蔥絲相較於蔥末而言，美感佔有優勢然細長狀不易入口，尤其此碗之蔥絲切得特別長玉米筍的口感佳，帶有一絲淡淡的鹹度洋蔥末與豆芽的味道極淡，存在感稀薄雞叉燒的肉質軟嫩、緊實程度一般、調味稍偏淡中捲麵十分Q彈且富有嚼勁、口感絕佳食用至後期，也不會因湯溫偏高而變得軟爛雞湯湯頭的濃醇與鮮甜十分明顯存在感極重，卻不會有絲毫的負擔感,比普通還普通的麵，如果認真吃過其他間熱門的店的話，就可以知道現在臺灣人已經不是可以用「台式拉麵」來唬弄的消費者。這一顆星是給你們店員服務態度極好的。以下幾點：1.雞骨無可避免的一定會存在雞骨臭味的這個事實，熱門店家會用其他更重的味道去壓制，這樣一來也可以更符合「日式拉麵」的口味。2.雞肉感覺是用舒肥或其他方式烹製，健康先擺一邊，這樣的致命傷是雞肉會沒有味道，可以有更好的方式完成。3.七味粉是不是也是用賣場的？因為沒有達到調整口味的效果。,晚餐時段前路過初訪，印象很好。本身不喜歡太重的口味，遍嚐重口拉麵的饕客可能會覺得這家味道淡如水，但我認為在雞湯香味與口味上算是相當出色。使用難得看到的中捲麵為麵體，因為無法指定麵的硬度，所以喜歡韌一點的人要在上桌後隨即開始享用。這次點了蒜味雞白湯+南蠻雞飯+腐皮捲，南蠻雞表現亮眼，不只是調味，肉咬起來的感覺也很棒，微辣的口感配著飯很快就吃完了。腐皮捲炸的火候也很剛好，外酥內有豆香，希望繼續維持這樣的水準。店員也很親切可愛,窗明几淨很舒服，店員很充足，菜色種類也剛好，萬事俱備，但最重要的餐點卻非常普通。今天點的赤口和蒜味，辣和蒜與湯是完全分離的東西，麵和蛋也是孤單得可憐，每個東西各自為政，我還以為是解構拉麵，整碗裡面只有舒肥雞片相較比較好吃，難得剩下一堆吃不下去。加點的章魚燒還比較好吃。結帳時店員問還滿意味道嗎，我說沒有很喜歡，他沒有進一步問原因，而是乾笑了四聲。令人失望，簡直毀了我的星期五晚上。
日式料理,拉麵,ChIJkQLSxLKrQjQRI71MyxhXe-k,壹之穴沾麵專門店,聽朋友說疫情之前都會排隊的沾麵店開在國北附近不遠處下午1點來不用排隊，店內人也不多整間店環境乾淨、燈光明亮入座後店員會先酒精消毒桌面及每個人的手部並送上菜單、桌邊點餐選拉麵配置基本220（豬叉燒1）味玉250（豬叉燒1+溏心蛋1）肉盛280（豬叉燒2+雞叉燒3+溏心蛋1）選湯頭豚雞沾麵豚雞咖喱沾麵+20（一三五限定）豚雞煮干沾麵+20（二四六限定）選麵量小140g中240g大300g不管麵量多少，價格都一樣店內醬料區有高湯、醋等另有提供白開水、麥茶可以喝豚骨沾麵（味玉）小250豚骨沾麵（肉盛）中280可以選擇組合、湯頭、麵量叉燒很嫩，但有一小部分帶點筋不好咬海葡萄好酷，第一次吃溏心蛋有一半有點乾、但多咬幾口裡面就有ㄍㄡㄍㄡ會流出來麵還算Q彈，湯底也蠻濃郁沾麵的湯裡面還有一小塊肉吃完麵後可以拿高湯倒入湯裡稀釋喝掉整體的味道是不錯的,#麵屋壹穴ichi沾麵專門店#大安因為算是喜歡吃拉麵，進而參加了「台灣拉麵愛好會」社團，從中看到網友們的貼文，覺得其中許多人真是拉麵或是某些店家的鐵桿粉，佩服他們那種勇往直前的毅力。最大的好處就是無須再用Google，直接在社團內搜尋最有效率。決定去吃與否之前都是看圖片，而非文字，因為不想受到敘述的刻板印象干擾。在有個一年多的時間沒去吃拉麵之後，兩三個月前又興起要吃吃沾麵（偶而吃吃拉麵）的興頭，所以找了幾家去試看看。約莫兩年前去過這家的本店，印象只能算是普通，不到網路評價的那樣高端，因此也只去了一回。畢竟，合口味的拉麵店家我是會重複去吃的。知道它在這開了間沾麵的專門店，距離又不遠，覺得一定得來一次看看，縱使上回經驗只是個普通而已。點了咖哩口味，當然不只有這種口味的沾麵，而是我之前特別喜歡吃大志軒的咖哩沾麵。之後吃過幾家咖哩口味的拉麵或沾麵，在我看來，幾乎都是個不及格的水平，而且還敢賣個300這種價位：拉麵公子。這碗的麵條我要求是偏硬的口感，入口後覺得還是可以再硬些（過冰水的時間再拉長些？）水分還是多了點，但筋道算是有了，吸附湯汁的能力也不差。麵條不是店家自製的，是按照他們要求的比例請工廠製作的。咖哩醬汁的味道算是達到我最低的濃度水平，還是有點偏淡偏希，如果能再濃稠馥郁些，那會更好。大碗的麵量配那些醬汁，如果每一口麵分量少一點的話，可能就會顯得有些勉強，可能最後配高湯的部分就所剩無幾？那個舒肥的肉，我就不與置評了。整體而言，我覺得美味度在我心中還是沒超越麵屋一燈MenyaIttoTaiwan或是麵屋緣enishi京都餘香台北分店；就近吃碗有點水平的沾麵，我還是願意來吃的。更多食記的部分可在臉書上搜尋：南河雜俎（ㄗㄨˇ）之粉絲頁或社團。,對於沾麵控而言，在台灣要找到一間專門的沾麵店並不容易，壹之穴可能是你最好的選擇。對於餓了20小時、專程驅車前來的我，期待更深。但是超超超滿意的，第一次評論給足5顆星！硬度是我喜歡的、濃厚的魚介湯頭（加點芥末醬，湯頭整個再次發亮、尾韻更有個性）、豚雞肉片都很好吃。廚子還讓我試吃開發中的麵條。炸牡蠣3顆100，不大但新鮮飽滿超爆juiiiiiiicy!給店家：勿忘初心、一生懸命，請繼續端上好吃的沾麵。拜託了。,麵量分大、中、小。建議點大，個人平常胃口就比較小，也是要點大才夠吃。湯頭濃鹹香，味道還不錯。沾醬中有紫蘇與柚香，非常解膩，不會吃到後面索然無味。湯冷後可以要求加熱。麵吃完後可以自己去加高湯調製可以喝的沾醬湯。叉燒是煙燻火腿那種煙燻培根的味道，不太搭，而且圖片上有兩片，實際上只有一片。,久聞這間的大名但用餐體驗也太差了吧光是坐bar台要自己端吃完還要放回去這個在拉麵店還算常見但除bar台以外用餐的客人都有店員整理和端盤付一樣的錢坐bar台要自己服務自己呢吃完麵後可以加一點高湯店內沒什麼人但我卻等了好長一段時間才拿到而且又是我自己拿燙到靠北也不提醒一下不幫客人端到bar檯的話至少也換個有把手的餐具吧至於食物類整體而言不難吃但沾麵的內容物和配菜真的少到哭與其是吃沾麵我根本是在吃這間位於大安區的租金連叉燒飯的叉燒都少的可憐完全不推薦爛
日式料理,拉麵,ChIJJ_c-rCuqQjQRi1_VUxR09-E,美鄉拉麵屋,很有家的感覺的拉麵店，老闆娘很親切。,從3歲吃到21歲，永遠不變的味道,食物新鮮平價好吃,就位於大安森林公園旁開平餐飲學校附近的一間小店也是無意間發現的看到門口有人排隊裡頭看起來清爽乾淨空間不大有一對老先生老太太老先生負責招呼老太太掌廚聽說這家店其實已經年代久遠只是從內部的陳設實在看不出來除了老闆和老闆娘之外撈麵真的令人驚豔味道真的好吃好久沒吃到那麼好吃的肉醬魚香撈麵了；海鮮拉麵也是不錯味道濃郁用料實在看到價目表也許會覺得這一區價格並不便宜但是等到老闆端上老太太細心烹飪（呵因為都是現煮的等待時間有點長）你會發覺實在是物超所值除了份量十足外用料更是實在最重要的是老太太的手藝真的超好,味道跟10多年前來吃的時候沒什麼太大變化，就是湯裡的花椰菜和菇類變少！口味是台式拉麵，尤其推乾拉麵
日式料理,拉麵,ChIJsbGoMy-qQjQRtQClI9-3Ag8,小李子蘭州牛肉拉麵館,十幾年來都會來吃的老店家，牛肉入味、麵有嚼勁（這三年湯頭有比較淡）,老闆娘服務態度好，開這麼久了還能笑臉迎人光憑這點就給5顆星～尤其筷子湯匙的保溫箱超熱感覺很消毒牛肉麵$150湯頭清香帶點孜然（？）的香氣麵條有嚼勁，牛肉中規中矩的軟爛下次想試試牛小排或是半筋半肉～,小李的湯頭有改良過，蘭州拉麵之前住大陸常吃，味道都差不多，台灣的改良過湯頭喝多了會太膩，但味道很像了，麵可能少了他們的配方所以不夠（我肉眼看麵是白的）白（老闆說是黃色的，後來上網看是真的有這麼一說，當下吃沒什麼感覺顏色，就面的顏色）也不夠Q，蘭州拉麵特色就是不管細麵粗麵刀削麵都是很有嚼勁，（老闆回覆說有厚有薄，但不管厚薄我記得都蠻有嚼勁的，應該跟厚薄沒差太多差別，沒吃過的人真的也沒辦法比較）上海很多偏僻一點的地鐵站附近一碗從4.5人民幣吃到18塊一碗都有，但味道都差不多，大陸的蘭州拉麵肉非常少而且跟紙片一樣薄，基本上就是湯麵。是外地打工或工人吃的東西，但我也蠻愛的，因為味道很特別，湯很清而且號稱是用一種新疆的牛肉煮的。要吃不一樣的味道可以來吃吃看，但記得跟老闆說麵不要煮太久，很軟不好吃，雖然有報導跟評價都蠻高的但真的還需加油，吃不出來手工麵的感覺，蘭州拉麵重點一直都是麵不是湯。,【林桑中肯評論】品質對的起價格、環境乾淨，牛肉香到一個極限，服務良好。小菜在冷凍櫃中保鮮，需拿給櫃檯加熱，麵條軟硬適中，湯頭中藥熬煮很特別，這家真的可稱為名店。必二訪!但人手稍嫌不足，前來的朋友們要稍微有點耐心，等待是值得的。,換了新的位置，價位也變高了!還有低消100，排骨麵的排骨非常硬，湯頭也普普
素食/健康,素食,ChIJidZISSmqQjQR9VAOj3BbUpY,青山素食館,很糟糕的品質10/19中午點了一碗麻醬麵送上時吃了第一口覺得味道怪怪的本來以為是錯覺於是再吃了第二口、第三口如果大掃除有清理過死蟑螂的應該會聞到一個臭臭的味道整碗麻醬麵都是那個味道！！！太令人噁心了完全吃不下去於是去櫃檯結帳，原本想說小小聲的過老闆娘反應這件事情，可能只是環境清潔沒做好的疏失之類的推測，但沒想到老闆娘居然是說：「我知道，那個醬料味道的本身就是這樣，我們知道有這個問題，客人也有反應，我們也有跟廠商反應了」然後呢？？？？？？不知道為什麼店家明知道醬料有這種異常的味道卻還是賣給客人，再跟客人說不好意思。做生意賣客人東西收客人的錢但卻不用把關原物料的品質嗎？雖然老闆娘很客氣的說不好意思，我知道醬料有這樣的問題，我們也向廠商反應了，卻沒有任何處理換餐或後續的事宜，找完錢說聲不好意思就完了，感覺處理的方式不為妥當。,我點小碗，超級大~~~碗，以食量大一點的女生就吃的很飽了，推紅燒湯麵好吃！老闆娘很親切，會再光顧,愛店老闆都很親切，滷味特餐跟素鵝飯都好好吃,天氣冷喝紅燒湯超暖，茶鵝飯份量剛好，麻醬麵好吃醬很多,很好吃，而且湯頭感覺都沒有加味素，是很天然熬煮的湯！老闆娘人很客氣親切
素食/健康,素食,ChIJuWw81C6qQjQRD7lOTyFReqs,卡帛素食烘培‧義式廚房‧港式餐點總店,一直都很喜歡卡帛。老闆娘的私房咖啡好喝（~我是不是不小心說出了闆娘的秘密啊？）不然之前我都是點「儂本癡情」這一款咖啡，因為我特愛咖啡上面那一沱像霜淇淋的鮮奶油泡（哈，不是因為喜歡咖啡，竟然是因為喜歡那個奶泡，大概沒幾個像我這樣的怪咖不怕胖吧！）今天點了腰果炒飯，好吃，不膩，料多實在，有好些果乾、食材，我叫不出名字，但會覺得內容物好豐盛，吃得很滿足。之前吃過他們的松子炒飯也很好吃。他們還有松露炒飯呢，下次要點來嘗鮮。他們的烘焙更厲害，不斷地推陳出新，今天又吃到他們的新產品月餅~XO醬蟹殼黃。在素食博覽會上被票選為第一名喔。素食「XO醬蟹殼黃月餅」，上面是輕焙的帕瑪森乳酪粉，裡面是XO及素脯蘿蔔絲，加上微微的日式麻糬做潤飾，ㄧ口咬下酥軟鹹香，層次滿分！聽老闆娘說：因賣得太好了，會長期做呦。這對饕客來說，真是好消息啊！他們還有一款松露酥也很好吃。……不多說啦，還是留一點讓大家自己親身體驗，親自去品嚐吧！,東西很好吃出不出來是全素的空間舒適焗烤飯非常好吃,訂了一個咖啡核桃無奶蛋糕，感謝店家半天內趕製出來，只是可能第一次吃無奶蛋糕，所以不習慣，蛋糕體偏硬，外層奶油不確定什麼做，還滿好吃，但家人說在新竹買的全素蛋糕，糕體是軟的、好吃的，好吧！希望蛋糕會更好！訂購外帶，店家態度是真的很好，謝謝！,就在剛剛而已，在卡帛用午餐，餐點內容口味沒問題，有問題的是服務品質，如果因為有人在後面排隊，希望我們趕快吃完趕緊滾蛋，其實大可以直接明講，沒必要在我們用餐的時候，還沒吃好就瘋狂的收拾桌面，甚至什麼也沒說就把餐墊紙抽走，更何況是當時店內其他地方還有空位。還有，從進門點餐到買完麵包結帳出去不到一個小時，等餐等超久，不是我吃得慢，是店家上菜慢。等得久肚子餓是一回事，想要享受餐點還要被這樣趕感覺有夠爛。,餐點份量以女性來說有些大，最好兩人一起分食。有多種選擇，味道還不錯。
素食/健康,素食,ChIJP1XyFIOpQjQR-1jWNwpy_uE,禾欣素食,該素食店位於國北師附近，菜色丰富，每道菜15元，自選5道，黑米飯不用錢，一餐75元份量足飽肚，另加免費清香高湯，尚可續碗。老闆曾去中南美洲，香料很拿捏，所以素菜有風味，餐後加送水果。開業不久，便宜又好吃大碗，麵特殊，廣宣庶民好餐廳！,平價量大又好吃！飯便當75元選5樣菜，飯量給很多（五穀飯），我都說要少一點，時常附一碗湯，有時會送水果。老闆超級客氣人超真誠的好，很怕客人吃不飽，有種被招待的感覺。麵是75元，分乾麵和湯麵，選兩樣菜，也很推，很餓的話還是建議選飯，可以飽很久。這樣的菜量，以大安區的秤重素食店，可能要150以上...。我住這附近有時一連兩三天都去，菜色都會變化，不會一直一樣。這附近的素食者一定要來嚐嚐～～,在旁邊的教育大學工作，幾乎天天來吃！味道好量又大，老闆很會照顧客人，十分親切！我很推薦。（前面有人提到歇業是因為阿姨從別處搬過來）,老闆非常親切，讓人有在家吃飯的感覺。有時候會跟你分享她切好的芭樂、橘子，是一間讓人感覺很溫馨的店。最重要的是，菜色每天都很有變化，餐點多元、美味。,選擇多樣，有麵有飯！而且份量給的很多很大方！絕對不怕吃不也飽餐點很美味不油膩，有時還會有創意料理～老闆娘非常親切，給大家回到家吃飯的感覺！非常推薦大家來
素食/健康,素食,ChIJdaNQ1i6qQjQR4T-k53U6V2Y,全國食養健康素食自助餐大安復興店,素食中我的習慣吃的較淡！昨晚買了倆個便當也是排隊給目測計價，結帳人員態度非常不友善非常凶是怎樣呢？我乍聽之下嚇了一跳因為要$225沒有飯呦！而且夾的3/1片臭豆腐回家咬一口已經味道酸掉了！我也真是幸運！菜對我來說太鹹了一點，服務業不是要求品質態度嗎？我想我失望了！以後我也不想再被凶啦！就~就儘量自己煮啦！哈！,"秤重論價,電子秤有兩面,一面店家看秤重價位,一面客人看價位,但店家把客人看秤價位視窗用膠帶貼掉了磨糊計價,隨店家喊價訛殺客人,所以很貴,尤其是夾少量的客人一定被吪殺!",愛吃肉的我，偶爾會吃一次素食，今天包便當回去，小孩也是肉食主義，但全國調味很好，讓不愛吃素食的人也能接受!,味道乾淨菜都處理得不錯也有很多比較少有的青菜食材番茄炒蛋超讚味道乾淨有鍋氣超香,常有些小蟲在菜盤裡，價格幾樣菜貴的離譜，且結帳人員服務態度不佳另外，後方的廚房常倒東西在防火巷水溝，味道很臭，員工抽菸亂丟菸蒂，整體滿糟的間素食店。
素食/健康,素食,ChIJ6689Hs2rQjQRifRHqb5479M,明德素食園,11/9(一)重新開幕了每週日至週五午10:30-13:30晚16:30-19:30每週六公休優惠：1.只要加入Line好友，每逢週一菜錢滿100元再享9折2.每逢週一秤重菜錢滿60元免費送一碗飯，滿120元送兩碗飯原本3.9顆星，現在整體至少有4.3的水準,今天經過這間明德素食園，進去用餐，週一無肉日滿60元送一碗飯，加入line好友滿100元還有打九折，用餐環境舒適，吃得又飽又健康，經濟又實惠，超推薦喔！,最近重新開幕裝潢煥然一新用餐環境很舒服在圖書館斜對面方便~有很多餐點可以選擇推薦手捲料很豐富好吃！加line還有優惠~現在的營業時間有改中午10：30-13：30晚上16：30-19：30,"用餐環境幽雅,明亮舒服,自助餐菜色用心",算所有分店裡菜色少的，差不多25樣。誠品信義可能有50樣，看規模就知道有差了。店員收錢有一位脾氣不好，採輪流制，所以一定會遇到她。因為附近還有一家自助餐沒別的選擇了，所以也只好將就了。
素食/健康,素食,ChIJ-7fAMS-qQjQRDzUNsedgCjI,貞有緣素食,味道適中，是我吃過中美味的素食，料好實在的！,味道中上只有老闆娘一個人煮，人多要等一下價格算便宜素燥飯加菜很不錯,簡易小吃用心經營店面乾淨老闆親理麵點滷味製備和頤,紅燒湯麵、番茄羹麵湯頭美味，份量也十分足夠,招牌番茄羹類。個人愛吃香菇素燥飯加菜
素食/健康,素食,ChIJefszjImpQjQRqZJVCqfXrhM,食香園素食館,佛心素食店家補充蔬菜一定來這飯也可以選擇多一點或少一點讚讚,台大校內cp值超高的素食菜色多樣可供選擇,平價美味分量充足主食選擇多員工十分友善,工作人員親切友善，飯菜份量多，選擇也不少。加一道菜加$10。,份量十足且還有胚芽米的選擇！許多男生甚至要選擇飯少，口味較為清淡，佛心價的素食選擇。
素食/健康,素食,ChIJ83emQSqqQjQRW6MevTEqLzg,仁里居,在號稱美食沙漠的建國南路上，仁里居可謂是一線曙光照亮外食族乾枯的心靈，同時也照顧里民的健康！本身不是素食主義者，但久久一吃，便覺身心靈舒暢很fresh!!!他們家都無奶蛋、五辛喔！圖為蔬菜咖喱+山藥拉麵個人私心推薦泰式磅誕旦糕和香蕉磅旦糕還有炸豆皮也大推貼心小叮嚀他們家不提供外帶餐盒，要自己自備喔～守護地球人人有責,初訪點了仁里居咖喱($180)，份量不多但吃得飽，咖喱飯上頭的那片豆皮很驚艷再訪點了雪裡紅芥末煎餃($120)，決定以後每次來都要吃這道。一上桌就先覺得賣相很驚喜，外面那層薄薄的麵皮將10顆煎餃連在一起，不是煎到酥油焦脆的那種，吃起來是淡淡的麵粉香。內餡有雪裡紅、紅蘿蔔、木耳和冬粉，芥末味不會過嗆，調味已經很足，不需要另外搭配醬料就已經很好吃環境整潔舒適，店家態度蠻淡然的，不是走熱情招呼的路線，但介紹餐點的時候很用心，整體氣氛也蠻溫馨的，一個人走進來用餐也不會覺得不自在。店內有雜誌書籍可以在等餐時翻閱，也有販賣新鮮蔬果，門口有個小巧美麗的洗手台，不管是進店前或用餐後都可以使用，很適合防疫新生活餐點強調不含蛋奶及五辛，本身不是素食主義者，但也不是無肉不歡的類型。這裡的餐點選擇多元，調味也很多樣化，吃起來不會特別覺得自己在吃素食，對想嘗試蔬食生活的人來說很友善整體來說價位略高，但用餐感受很好，吃飽之後身心靈都覺得蠻滿足的，算是個人到訪台北市立圖書館總館的用餐首選,點了南瓜鹹派，對於ㄧ個時常吃這道鹹點的人來說，有點失望櫛瓜可能因為火候的關係甜味被烤到不見，南瓜的調味似乎也沒抓好，忘記是迷迭香、羅勒還是什麼總之味道太多了，有些可惜另外點的堅果飲，雖然有事先表明咖啡類飲品沒有奶泡，但送來之後非常的甜、膩口，有些納悶堅果飲若想換成植物奶也要另外加價，不太懂這個計價方式,我們今天點了墨西哥猴頭菇、雪裡紅芥末煎餃、塔香檸汁飯、芝麻堅果飲和南瓜鹹派，除了堅果飲太稀以外，其他料理、餐點都很美味！平均有4.7顆星。本來看大家評論說餐點份量很少，所以我們加點鹹派，沒想到其實份量女生吃剛剛好，結果整個吃太飽...1.墨西哥猴頭菇（$100/份）：其實就是酥炸猴頭菇，雖然份量不多，但是炸得極為酥脆、調味也非常恰到好處。2.塔香檸汁飯（$180/份）：豆腐一送入口、都還沒嚼，整個九層塔和香菜的香氣就爆開、充滿整個口腔，檸檬的香味和酸度也調得剛剛好；是道清淡卻香味四溢的丼飯料理，口味非常特別！3.雪裡紅芥末煎餃（$120/份/10顆）：水餃皮煎得恰好酥脆，重點是內餡已經充分調味，鹹度夠、一點點芥末提味又不嗆，不需要沾任何醬汁就非常好吃。4.南瓜鹹派（$120/塊）：是道好吃又好拍的鹹點，用叉子切一小口，送入口中時整個嘴裡都是迷迭香的植物香草味，然後才吃到南瓜的甜鹹味，以及玉米筍的清脆口感；但是吃完餐點再吃南瓜鹹派真的太多了#@$&...5.芝麻堅果飲（$100/杯）：雖然芝麻和堅果香味濃，但水的比例過高，以致於喝起來太稀，口感沒有$100的價值...,整體的環境乾淨清爽大推高麗菜煎餃、仁里居咖哩、炸墨西哥猴頭菇、煎豆包(以上是我吃過的，其他的沒試不知道)，友人說鍋物比較清爽。值得一提的是，這家店為了顧客的健康，不提供塑膠袋、餐盒讓客人打包，若真要打包，他會提供店內的空玻璃罐，不過玻璃罐畢竟數量有限，大家有打包需求還是自備容器比較方便。
素食/健康,素食,ChIJTXDY5G-rQjQRFs0m3GjdN90,潔暘麵包坊VeganTaipei,"餐點好吃,食材超棒,甜點另人回味",素食蛋糕著實另人驚艷,今天陪朋友來吃素食料理，雖然口味上還能接受，但我還是愛葷食啊啊啊~~~朋友點的千層麵沒拍，他說好吃！！,每種都好好吃下次一定會再訪每樣都是現點現做製作時間較長建議訂位時可以一併點菜,餐點好吃且份量充足。只是這次沒有肚子可以再嚐嚐蛋糕類產品有點可惜，下次有機會會點蛋糕來吃看看
速食,速食,ChIJ5Zls-surQjQRtT-wtUeIkxo,麥當勞-復興二店,人多比較沒有耐心，口氣不耐煩,停車不便，沒有點餐車道,快速引導，有效率有禮貌,希望能有更多內用空間！,位在科技大樓捷運站旁，是一個人來人往、忙碌的麥當勞，上班、中午、下班時，常常都是擠滿了排隊點餐的人潮，標準制式化的服務，加速人潮的消化；偶爾塞車，那是因為有些客人，沒有套入制式化的對答，來到櫃檯才開始挑三挑四，自然就塞住了；要求與被要求是相對的，常常我們只是要求別人，我們是否也應思考自己是否是一個「合格」的客人；座位不多，整體的維護，還算是整潔的小小麥當勞；
速食,速食,ChIJR4y1_YapQjQRA86AW8DROcA,摩斯漢堡,一個漢堡等20分鐘,"玉米濃湯不熱也不溫,可以說是冷的.薯條也是冷的..........地下室洗手台有異味.胡麻豬排堡吃不到醬..........速食店最愛吃的就是MOS.今天要給0分",早餐年長女店員（通常在左邊收銀）不專業，紅茶底部超多渣渣，寫去冰，飲料沒裝滿（使用環保保溫瓶不會溢出來吧！）寫檸檬片也沒放，再方便也不會再去！摩斯很多家～,住附近的常客，不知道是不是人力有縮減還是新店員效率差，感覺整個廚房手忙腳亂，沒什麼餘力招呼客人，整個服務和餐點品質變很差。餐點等半天，結果鱈魚堡是冷的、薯條也不知是放多久都涼掉,與其他家比較，魚堡的口味豐富多層次，可樂餅、濃湯也是吃一百次也不厭倦
速食,速食,ChIJT1w6Ay6qQjQR3-aM1y8aXYQ,BURGERKING漢堡王敦南店,服務親切，，快速送餐，，笑容可掬，，對長輩有禮貌，，可以長坐，，不理不睬，，哈哈哈，，喜歡冷氣的涼爽，，可以一試,個人愛吃漢堡王，不好停車……,點餐及出餐速度快，很喜歡來,座位太少，用餐人數太多。,沒想到，漢堡王很好吃
速食,速食,ChIJUWUmAi2qQjQRxhkkHUlbydA,摩斯漢堡復興南路店,趁著雙十國慶的早餐優惠來買培根雞蛋堡+紅茶兩套只要100元超級划算的！！總共買了四套特製花生醬多生菜多去美乃滋好吃到不行查了才知道單點只要$45覺得蠻划算的紅茶加入檸檬片也好好喝原本以為摩斯都很貴不常買但這價位可以列入之後的早餐選擇～小缺點是早餐時段人手不足等好久..------------------------------------------------------------------------早餐時段彭xx阿姨的服務態度真的不佳...很少遇到這種態度的服務員唉不爽可以不要做...,鄰近成功國宅，很適合安安靜靜在這裡吃點東西。我喜歡藜麥珍珠燒肉堡()一定要喝紅茶，2020年末的期間限定---蕈菇湯也很不錯。,室內空間舒適，有充電且餐點品質一如其它連鎖店一樣好,有一些座位有插座，好多人帶筆電來安靜地工作、唸書，餐點也好好吃!,2020年9月3日中午十二點半的阿姨服務生，既不專業，態度也非常不佳，是我有史以來在摩斯漢堡遇過態度最差的一次！非常失望，還以為摩斯漢堡的服務都很不錯，但這一次真的很傻眼！看到其他網友也在投訴這位阿姨，我想她的服務是真的不好，真的不想做可以不用做，不要一直拿客人出氣！
速食,速食,ChIJm4r2zYupQjQRldQ-jLPXeIA,麥當勞-台北台大店,我吃了你們炸了十多分鐘的雞翅我覺得我會早死,冰旋風超少而且水到不行,薯條少冰旋風少服務態度差,一個要價不菲的蕈菇安格斯黑牛堡才拿過去旁邊餐廳吃沒幾步路裡面散得跟土石流一樣店員也一副要就來買不要拉倒的態度要不得啊,因為時常會有學生來吃，所以這裡的客人較多，需要等待，重點是他的餐具需要加1塊錢
速食,速食,ChIJVRQpmoyrQjQRb6BWxHvYaKM,摩斯漢堡,內容已經寫要鹽之花熱可可了，下次做之前先看清楚，不要做成普通的熱可可，兩個價格差很多知道嗎。更新：為什麼營業中卻沒辦法在app訂餐？,我外帶過三次有兩次少放東西，第一次少放薯條，第二次少放雞塊，由於外帶等餐時間比較長我急著離開，而且店員是直接把紙袋包起來交給我的，我就沒有在店員面前打開檢查而是直接離開了。第一次半路上發現少了薯條有折返回去說，但店員像是束手無策那樣的態度讓我覺得我沒有當場檢查是我理虧。我吃過很多家摩斯但只有在這家遇到這個情況而且還不只一次，奉勸大家吃這家外帶的時候要在店員面前打開檢查，確認無誤再離開，不然就會像我現在這樣餓爆了很生氣又沒辦法回去討。,紅茶好喝，出示學生證可以打95折喔，超划算的。,大片落地窗，適合一個人、兩個人、很多人一起來^o^，主要當然是空間適宜，內用送餐服務，到台大基隆路附近，來此歇歇腿喔～～～,爛透了！
速食,速食,ChIJZ3dYjCeqQjQR4oYu4Y0hbWI,摩斯漢堡台大小福店,結帳很慢，點餐的店員有時候在發呆，問了我兩次要點什麼最後還是做錯的，人多的時候突然跑去泡咖啡，前面幾位的顧客有一位點完餐沒有被出單，一直沒做他的,我的藜麥漢堡沒有藜麥，出餐的時候還少給漢堡，點餐等超級久的，很差欸,這家摩斯是我吃過有史以來最難吃的一家，如果業主沒有想要做好摩斯該有的品質的話就請離開小福換一家好吃的餐廳。,結帳超級慢特餐明明就可以另外先結店員只會裝死,這家店的管理出了問題：(1)尖峰時段人手明顯不足，未聘足夠店員(2)出餐順序亂七八糟，誠如其他評論者的留言，店員對先後順序沒有培訓過，相同餐點(例如當日特餐)往往出現先點餐的人，卻被漏掉或是隔了很久才能領餐。3.建議摩斯漢堡總部徹底派員親自蹲點徹查這家店的營運情況、提供員工再教育、補齊人力。消費日期：2020.7.2下午1時左右今日先給一顆星，我就是明明前後都一樣點特餐，卻前後都領完我還在等候很久的客人。未來若有改善，或摩斯官方有出面提出改進措施，給星再做調整。
速食,速食,ChIJf_fLRvarQjQRFDDWkgvL9EM,MosBurger,早上點了一份70元套餐，飲料升級摩斯熱可可店員收了90元菜單明明寫+5元就能升級飲料店員直接回覆POS機沒這個選項也不處理不會再去,服務不錯，廁所乾淨（冷氣還比外面冷）某些位置還有附插座，雖然椅子不太好坐。,上班經過想買杯摩斯紅茶，前面排了兩個人，很安分的等了十分鐘，中間還插了一個電話取餐，好不容易到我了，我排的櫃檯店員轉身做餐，另一個櫃剛開卻先幫我後面的點，體諒店員辛苦，也不想再浪費時間在這了（可能再等就20分鐘呵呵）繼續趕上班吧，兩星了表我浪費的十多分鐘與沒喝到摩斯紅的難過，我是真的很想喝，唉,營業時間沒有清楚標示，店員服務態度不積極,店員態度都蠻好的，沒有遇過因為人多而敷衍擺臉色的情形，送餐時也都會仔細核對餐點。然而出餐時間相對其他家摩斯而言偏長，尖峰時間若未事先使用App訂餐，等上半小時都是有可能的。亦沒有將現場點餐和App取餐的櫃檯分流，人多時只能硬著頭皮穿過排隊人龍跑到前面說我是App取餐真的很尷尬且容易被誤會成插隊行為。現行制度是否失去App預先訂餐服務的意義？
